execution_date,match_date,league,home_team,away_team,market,selection,betfair_odd,model_prob_raw,model_prob_calibrated,fair_odd,edge_inicial,edge_actual,edge_ev,kelly,model_used,model_version,confidence_initial,confidence_current,unique_id,fixture_id,match_status,actual_result,bet_result,primera_cuota,primera_fecha_hora,ultima_cuota,ultima_fecha_hora,closing_odd,clv_percentage,clv_label
2026-01-04 09:31,2026-01-04 15:00,Premier League,Everton,Brentford,Over/Under 2.5,Under 2.5,1.67,66.04,66.04,1.51,6.14,6.14,,4.6,DC-MLE,,N/A,N/A,453c22a893968590afea670c31c9e886,,FT,'4-1,Perdida,1.67,2026-01-04 09:31,1.62,2026-01-04 14:32,,,
2026-01-04 09:31,2026-01-04 12:30,Premier League,Leeds,Manchester United,Over/Under 2.5,Over 2.5,1.8,70.12,70.12,1.43,14.52,14.52,,9.8,DC-MLE,,N/A,N/A,34871d610ff661ba0ff7cde772f9ce13,,FT,'1-1,Perdida,1.8,2026-01-04 09:31,1.8,2026-01-04 10:01,,,
2026-01-04 09:31,2026-01-04 15:00,Premier League,Newcastle,Crystal Palace,Over/Under 2.5,Under 2.5,2,61.84,61.84,1.62,11.84,11.84,,7.1,DC-MLE,,N/A,N/A,de4e28f2e9462a6b586fc00159917f28,,FT,'2-0,Ganada,2,2026-01-04 09:31,2,2026-01-04 14:32,,,
2026-01-04 09:31,2026-01-04 15:00,Premier League,Tottenham,Sunderland,Over/Under 2.5,Under 2.5,1.62,73.93,73.93,1.35,12.23,12.23,,9.6,DC-MLE,,N/A,N/A,8b6e5e2f143b20ce2032681531be27dd,,FT,'1-1,Ganada,1.62,2026-01-04 09:31,1.67,2026-01-04 14:32,,,
2026-01-04 09:31,2026-01-04 15:00,Championship,Derby,Wrexham,Over/Under 2.5,Over 2.5,2.38,51.8,51.8,1.93,9.8,9.8,,5.1,DC-MLE,,N/A,N/A,7b11d44edd7b3404427e00beb4a678c6,,FT,'1-2,Ganada,2.38,2026-01-04 09:31,2.45,2026-01-04 14:32,,,
2026-01-04 09:31,2026-01-04 12:00,Championship,QPR,Sheffield Wednesday,Over/Under 2.5,Over 2.5,1.73,62.27,62.27,1.61,4.47,4.47,,3.2,DC-MLE,,N/A,N/A,97bf8d9f18d10ad39b880c033993f3ac,,FT,'3-0,Ganada,1.73,2026-01-04 09:31,1.73,2026-01-04 10:01,,,
2026-01-04 09:31,2026-01-04 15:00,Championship,Blackburn,Charlton,Over/Under 2.5,Under 2.5,1.57,75.81,75.81,1.32,12.11,12.11,,10,DC-MLE,,N/A,N/A,b61b2b32b2be793e006d87ed8a856e53,,FT,'2-2,Perdida,1.57,2026-01-04 09:31,1.53,2026-01-04 14:32,,,
2026-01-04 09:31,2026-01-04 15:00,Championship,Middlesbrough,Southampton,Over/Under 2.5,Under 2.5,2.2,51.09,51.09,1.96,5.59,5.59,,3.1,DC-MLE,,N/A,N/A,a9899d834ea9918bc6894404895cae41,,FT,'4-0,Perdida,2.2,2026-01-04 09:31,2.2,2026-01-04 10:01,,,
2026-01-04 09:31,2026-01-04 12:00,Championship,Birmingham,Coventry,Over/Under 2.5,Over 2.5,1.8,61.58,61.58,1.62,5.98,5.98,,4.1,DC-MLE,,N/A,N/A,2070df1a1eaf32ee7bab4fdac4a574ef,,FT,'3-2,Ganada,1.8,2026-01-04 09:31,1.8,2026-01-04 10:01,,,
2026-01-04 09:31,2026-01-04 15:00,Championship,Norwich,Stoke City,Over/Under 2.5,Under 2.5,1.87,67.38,67.38,1.48,13.88,13.88,,9,DC-MLE,,N/A,N/A,b5f5f19517667897fb8155eac83d5767,,FT,'0-2,Ganada,1.87,2026-01-04 09:31,1.9,2026-01-04 14:32,,,
2026-01-04 09:31,2026-01-04 17:30,La Liga,Alaves,Oviedo,Over/Under 2.5,Under 2.5,1.4,83.97,83.97,1.19,12.57,12.57,,13.2,DC-MLE,,N/A,N/A,15289145ca6326b6158c350e194e5141,,FT,'0-0,Ganada,1.4,2026-01-04 09:31,1.4,2026-01-04 15:20,,,
2026-01-04 09:31,2026-01-04 17:30,La Liga,Mallorca,Girona,Over/Under 2.5,Over 2.5,2.25,50.86,50.86,1.97,6.46,6.46,,3.5,DC-MLE,,N/A,N/A,b29b9a1022f45525d09641bcb65f4830,,FT,'0-1,Perdida,2.25,2026-01-04 09:31,2.25,2026-01-04 15:20,,,
2026-01-04 09:31,2026-01-04 13:00,La Liga,Sevilla,Levante,Over/Under 2.5,Over 2.5,1.87,68.1,68.1,1.47,14.6,14.6,,9.4,DC-MLE,,N/A,N/A,3775d018c8813763f738dcabfe577abf,,FT,'0-1,Perdida,1.87,2026-01-04 09:31,1.87,2026-01-04 10:01,,,
2026-01-04 09:31,2026-01-04 11:30,Serie A,Lazio,Napoli,Over/Under 2.5,Under 2.5,1.47,80.03,80.03,1.25,12.03,12.03,,11.3,DC-MLE,,N/A,N/A,947cdaefba42e2cef3e8267713cced39,,FT,'0-2,Ganada,1.47,2026-01-04 09:31,1.47,2026-01-04 10:01,,,
2026-01-04 09:31,2026-01-04 17:00,Serie A,Verona,Torino,Over/Under 2.5,Over 2.5,2.63,49.57,49.57,2.02,11.57,11.57,,5.6,DC-MLE,,N/A,N/A,adf3fd2f782dbfc77b05bce53f70d337,,FT,'0-1,Perdida,2.63,2026-01-04 09:31,2.63,2026-01-04 15:20,,,
2026-01-04 09:31,2026-01-04 16:15,Ligue 1,Le Havre,Angers,Over/Under 2.5,Under 2.5,1.65,82.43,82.43,1.21,21.83,21.83,,16.6,DC-MLE,,N/A,N/A,a7d3cd6bc270e7df20fd29c5cd524da7,,FT,'1-2,Perdida,1.65,2026-01-04 09:31,1.65,2026-01-04 15:20,,,
2026-01-04 09:31,2026-01-04 16:15,Ligue 1,Lorient,Metz,Over/Under 2.5,Over 2.5,1.8,67.98,67.98,1.47,12.38,12.38,,8.4,DC-MLE,,N/A,N/A,5948627242584607c2c9caccac3722ff,,FT,'1-1,Perdida,1.8,2026-01-04 09:31,1.87,2026-01-04 15:20,,,
2026-01-04 09:31,2026-01-04 14:00,Ligue 1,Marseille,Nantes,Over/Under 2.5,Over 2.5,1.47,76.48,76.48,1.31,8.48,8.48,,7.9,DC-MLE,,N/A,N/A,f41e146c4a2ad811827a3d6442965deb,,FT,'0-1,Perdida,1.47,2026-01-04 09:31,1.47,2026-01-04 10:01,,,
2026-01-04 09:31,2026-01-05 19:45,Ligue 2,Montpellier,Dunkerque,Over/Under 2.5,Under 2.5,1.67,65.38,65.38,1.53,5.48,5.48,,4.1,DC-MLE,,N/A,N/A,2a290aed088fa9dd97903be892ebe1d8,,FT,'1-3,Perdida,1.67,2026-01-04 09:31,1.67,2026-01-04 15:20,,,
2026-01-04 09:31,2026-01-06 17:00,Serie A,Lecce,AS Roma,Over/Under 2.5,Under 2.5,1.6,76.4,76.4,1.31,13.9,13.9,,11.1,DC-MLE,,N/A,N/A,35463b1def4ea1cd57c543fcbbbbd204,,FT,'0-2,Ganada,1.6,2026-01-04 09:31,1.6,2026-01-05 11:24,,,
2026-01-04 09:31,2026-01-06 14:00,Serie A,Pisa,Como,Over/Under 2.5,Under 2.5,1.75,69.55,69.55,1.44,12.45,12.45,,8.7,DC-MLE,,N/A,N/A,324e330f9a0defe78cb3535d4e2310c0,,FT,'0-3,Perdida,1.75,2026-01-04 09:31,1.73,2026-01-05 11:24,,,
2026-01-04 09:31,2026-01-06 19:45,Serie A,Sassuolo,Juventus,Over/Under 2.5,Under 2.5,1.87,58.68,58.68,1.7,5.18,5.18,,3.4,DC-MLE,,N/A,N/A,bef05851c40ab664d25e5b4b579b079a,,FT,'0-3,Perdida,1.87,2026-01-04 09:31,1.87,2026-01-06 10:51,,,
2026-01-04 09:31,2026-01-07 19:30,Premier League,Brentford,Sunderland,Over/Under 2.5,Under 2.5,1.8,70.07,70.07,1.43,14.47,14.47,,9.8,DC-MLE,,N/A,N/A,9a11429c205c03baf9155e5850890672,,FT,'3-0,Ganada,1.8,2026-01-04 09:31,1.8,2026-01-06 10:51,1.65,8.33%,Excelente
2026-01-04 09:31,2026-01-07 20:15,Premier League,Burnley,Manchester United,Over/Under 2.5,Over 2.5,1.65,65.4,65.4,1.53,4.8,4.8,,3.7,DC-MLE,,N/A,N/A,c8a3b6c84407cda5848393ba9f8e912d,,FT,'2-2,Ganada,1.65,2026-01-04 09:31,1.73,2026-01-05 11:24,,,
2026-01-04 09:31,2026-01-07 19:30,Premier League,Everton,Wolves,Over/Under 2.5,Under 2.5,1.73,66.58,66.58,1.5,8.78,8.78,,6.2,DC-MLE,,N/A,N/A,2724c9489b3e6c4aef66b648c07cb9c4,,FT,'1-1,Ganada,1.73,2026-01-04 09:31,1.75,2026-01-06 10:51,1.8,4.05%,Regular
2026-01-04 09:31,2026-01-07 19:45,Serie A,Lazio,Fiorentina,Over/Under 2.5,Under 2.5,1.65,64.99,64.99,1.54,4.39,4.39,,3.3,DC-MLE,,N/A,N/A,dcf2fc8c070cfedaf861ad879705ef74,,FT,'2-2,Perdida,1.65,2026-01-04 09:31,1.65,2026-01-05 11:24,,,
2026-01-04 09:31,2026-01-07 19:45,Serie A,Parma,Inter,Over/Under 2.5,Under 2.5,2.25,53.87,53.87,1.86,9.47,9.47,,5.1,DC-MLE,,N/A,N/A,01496812c9e72229456ba64fae41d4b1,,FT,'0-2,Perdida,2.25,2026-01-04 09:31,2.3,2026-01-06 10:51,,,
2026-01-04 10:01,2026-01-04 15:00,Championship,Bristol City,Preston,Over/Under 2.5,Under 2.5,1.87,58.58,58.58,1.71,5.08,5.08,,3.3,DC-MLE,,N/A,N/A,4c7cd8b08213274db7f7464ccf7495d1,,FT,'0-2,Ganada,1.87,2026-01-04 10:01,1.87,2026-01-04 14:32,,,
2026-01-04 14:32,2026-01-04 15:15,Segunda División,AD Ceuta FC,FC Andorra,Over/Under 2.5,Under 2.5,1.85,59.98,59.98,1.67,5.88,5.88,,3.9,DC-MLE,,N/A,N/A,25baefb595b1a67d67a86fd1888e8405,,FT,'2-1,Perdida,1.85,2026-01-04 14:32,1.85,2026-01-04 14:32,,,
2026-01-04 14:32,2026-01-05 20:00,Championship,Leicester,West Brom,Over/Under 2.5,Over 2.5,2.1,52.16,52.16,1.92,4.56,4.56,,2.6,DC-MLE,,N/A,N/A,154a757f8205b25f569c946af59f308e,,FT,'2-1,Ganada,2.1,2026-01-04 14:32,2.1,2026-01-05 11:24,,,
2026-01-04 18:06,2026-01-07 19:30,Premier League,Crystal Palace,Aston Villa,Over/Under 2.5,Under 2.5,1.85,58.36,58.36,1.71,4.26,4.26,,2.8,DC-MLE,,N/A,N/A,4a5d6287a6c1555dafb0e40fe7ec8c2b,,FT,'0-0,Ganada,1.85,2026-01-04 18:06,1.87,2026-01-05 07:56,1.91,3.24%,Regular
2026-01-05 11:24,2026-01-06 20:00,Premiership,Rangers,Aberdeen,Over/Under 2.5,Under 2.5,2.1,62.89,62.89,1.59,15.29,15.29,,8.7,DC-MLE,,N/A,N/A,b7ccb9085c7d815127c3ff2d131e612e,,FT,'2-0,Ganada,2.1,2026-01-05 11:24,2.25,2026-01-06 10:51,,,
2026-01-06 08:36,2026-01-10 13:00,La Liga,Oviedo,Real Betis,Over/Under 2.5,Under 2.5,1.75,61.52,61.52,1.63,4.42,4.42,,3.1,DC-MLE,,N/A,N/A,78ce466b58398688569eba17ca50dc63,,FT,'1-1,Ganada,1.75,2026-01-06 08:36,1.75,2026-01-06 10:51,,,
2026-01-06 08:36,2026-01-10 17:00,Serie A,AS Roma,Sassuolo,Over/Under 2.5,Under 2.5,1.75,69.12,69.12,1.45,12.02,12.02,,8.4,DC-MLE,,N/A,N/A,7aa163a25565271f40b9ed1e85f95009,,FT,'2-0,Ganada,1.75,2026-01-06 08:36,1.75,2026-01-06 10:51,,,
2026-01-06 08:36,2026-01-10 14:00,Serie B,Carrarese,Bari,Over/Under 2.5,Over 2.5,2.1,56.69,56.69,1.76,9.09,9.09,,5.2,DC-MLE,,N/A,N/A,38cd2a741adde96cd6756896d572cef1,,FT,'1-0,Perdida,2.1,2026-01-06 08:36,2.1,2026-01-06 10:51,,,
2026-01-06 08:36,2026-01-10 14:00,Serie B,Avellino,Sampdoria,Over/Under 2.5,Over 2.5,2.25,49.75,49.75,2.01,5.35,5.35,,2.9,DC-MLE,,N/A,N/A,2b2c9148ff65b07fbb07217c719e3f25,,FT,'2-1,Ganada,2.25,2026-01-06 08:36,2.25,2026-01-06 10:51,,,
2026-01-06 08:36,2026-01-10 15:00,Premiership,Livingston,Kilmarnock,Over/Under 2.5,Over 2.5,2.2,55.27,55.27,1.81,9.77,9.77,,5.4,DC-MLE,,N/A,N/A,1c1e1df06c0518b1634802d343fdb01a,,FT,'1-1,Perdida,2.2,2026-01-06 08:36,2.2,2026-01-06 10:51,,,
2026-01-06 21:50,2026-01-07 17:30,Serie A,Bologna,Atalanta,Over/Under 2.5,Under 2.5,1.8,61.92,61.41,1.63,5.81,5.81,,3.3,DC-Optimizado,,N/A,N/A,b945ace57d791810d2ba95bfaa50ac19,,FT,'0-2,Ganada,1.8,2026-01-06 21:50,1.8,2026-01-07 14:39,1.8,0.00%,Neutro
2026-01-06 21:50,2026-01-07 19:45,Serie A,Torino,Udinese,Over/Under 2.5,Over 2.5,2.3,54.76,53.85,1.86,10.35,10.35,,4.6,DC-Optimizado,,N/A,N/A,758bc2104f299e960fa82457abae0d94,,FT,'2-1,Ganada,2.3,2026-01-06 21:50,2.45,2026-01-07 14:39,,,
2026-01-06 21:50,2026-01-08 19:45,Serie A,AC Milan,Genoa,Over/Under 2.5,Over 2.5,2,57.86,57.23,1.75,7.23,7.23,,3.6,DC-Optimizado,,N/A,N/A,1666270f6d2704e2e335856ba3840c9e,,FT,'1-1,Perdida,2,2026-01-06 21:50,2.1,2026-01-08 14:56,,,
2026-01-07 10:51,2026-01-07 17:30,Serie A,Napoli,Verona,Over/Under 2.5,Over 2.5,2.2,55.01,54.25,1.84,8.75,8.75,,4,DC-Optimizado,,N/A,N/A,b1cb565d1343f78910722906515acece,,FT,'2-2,Ganada,2.2,2026-01-07 10:51,2.2,2026-01-07 14:39,2.1,4.55%,Bueno
2026-01-08 09:25,2026-01-08 20:00,Premier League,Arsenal,Liverpool,Over/Under 2.5,Over 2.5,1.87,60.87,60.28,1.66,6.78,6.78,,3.7,DC-Optimizado,,N/A,N/A,91fe2368ca4d7e8f44ddb791ab64c1fb,,FT,'0-0,Perdida,1.87,2026-01-08 09:25,1.87,2026-01-08 10:42,,,
2026-01-09 06:52,2026-01-11 18:00,Primeira Liga,Moreirense,Tondela,Over/Under 2.5,Over 2.5,2.15,53.41,52.86,1.89,6.36,6.36,,3,DC-Optimizado,,N/A,N/A,2cf2b3bef54ee61165b46f633427e833,1396378,FT,'1-0,Perdida,2.15,2026-01-09 06:52,2.05,2026-01-11 21:42,,,
2026-01-09 09:05,2026-01-10 15:15,Segunda División,Real Sociedad II,Albacete,Over/Under 2.5,Over 2.5,2,64.04,62.92,1.59,13.13,13.13,,6.5,DC-Optimizado,,N/A,N/A,2e28f4cae11183e059d587013cbd43cc,1391989,FT,'0-0,Perdida,2,2026-01-09 09:05,1.95,2026-01-09 22:09,1.8,11.11%,Excelente
2026-01-09 09:05,2026-01-10 13:00,Segunda División,Mirandes,Almeria,Over/Under 2.5,Over 2.5,2,64.53,63.37,1.58,10.82,10.82,,6.7,DC-Optimizado,,N/A,N/A,609f2e19b21ea76037d99f705dd7f07a,1391994,FT,'2-2,Ganada,2,2026-01-09 09:05,1.91,2026-01-09 22:09,1.91,4.71%,Bueno
2026-01-09 09:05,2026-01-10 17:00,Serie A,AS Roma,Sassuolo,Over/Under 2.5,Under 2.5,1.8,64.38,63.67,1.57,8.07,8.07,,4.6,DC-Optimizado,,N/A,N/A,40b4d32ddf317ebe5ac113ae4baee752,1378061,FT,'2-0,Ganada,1.8,2026-01-09 09:05,1.8,2026-01-09 21:51,1.65,9.09%,Excelente
2026-01-09 09:05,2026-01-10 16:15,Serie B,Juve Stabia,Pescara,Over/Under 2.5,Over 2.5,2.05,58.2,57.44,1.74,10.61,10.61,,4.2,DC-Optimizado,,N/A,N/A,7d2316c226bc2db360d02732a5a018d1,1419774,FT,'2-2,Ganada,2.05,2026-01-09 09:05,1.9,2026-01-10 14:20,1.91,7.33%,Excelente
2026-01-10 16:26,2026-01-10 18:30,Serie B,Cesena,Empoli,Over/Under 2.5,Over 2.5,2.2,61.64,60.34,1.66,14.89,14.89,,6.8,Ensemble-DC (0.95),,N/A,N/A,00940fabd178dfb98a0d11c2db3d6a20,1419776,FT,'0-0,Perdida,2.2,2026-01-10 16:26,2.2,2026-01-10 16:26,2.2,0.00%,Neutro
2026-01-09 09:05,2026-01-10 20:00,Eredivisie,Groningen,NAC Breda,Over/Under 2.5,Under 2.5,2.05,60.71,59.76,1.67,10.75,10.75,,5.4,DC-Optimizado,,N/A,N/A,7dacf18bbc9275d8d0b1f5a71657b2d5,1381022,FT,'0-0,Ganada,2.05,2026-01-09 09:05,1.9,2026-01-10 16:26,1.87,9.63%,Excelente
2026-01-09 09:05,2026-01-10 15:00,Premiership,Hibernian,Motherwell,Over/Under 2.5,Under 2.5,2,60.08,59.27,1.69,6.74,6.74,,4.6,DC-Optimizado,,N/A,N/A,e014a0acdeaf4657497fe5cfc9a9e3ca,1382795,FT,'1-1,Ganada,2,2026-01-09 09:05,1.9,2026-01-09 21:51,1.9,5.26%,Excelente
2026-01-09 09:05,2026-01-11 15:15,Segunda División,Granada CF,Castellón,Over/Under 2.5,Over 2.5,1.9,60.57,59.94,1.67,6.8,6.8,,3.9,DC-Optimizado,,N/A,N/A,6e0e1c99527eaf9def16241fe51bee2b,1391993,FT,'0-0,Perdida,1.9,2026-01-09 09:05,1.8,2026-01-11 21:42,,,
2026-01-09 20:19,2026-01-10 14:00,Serie B,Avellino,Sampdoria,Over/Under 2.5,Over 2.5,2.38,49.08,48.51,2.06,6.51,6.51,,2.8,Ensemble-DC (0.95),,N/A,N/A,d18ec65478cd7d183367b81a61fb9f7b,1419777,FT,'2-1,Ganada,2.38,2026-01-09 20:19,2.38,2026-01-09 21:51,2.25,5.78%,Excelente
2026-01-09 21:58,2026-01-10 14:00,Serie B,Carrarese,Bari,Over/Under 2.5,Over 2.5,2.25,52.57,51.92,1.93,7.52,7.52,,3.4,Ensemble-DC (0.95),,N/A,N/A,38f470c4bb3520e81088526b66e1db22,1419778,FT,'1-0,Perdida,2.25,2026-01-09 21:58,2.25,2026-01-09 22:09,2.2,2.27%,Bueno
2026-01-10 16:26,2026-01-11 14:00,Serie B,Mantova,Palermo,Over/Under 2.5,Under 2.5,1.9,62.21,61.44,1.63,8.81,8.81,,4.7,Ensemble-DC (0.95),,N/A,N/A,4c99b7277a74c8ab34fca5e9516a6f16,1419775,FT,'1-1,Ganada,1.9,2026-01-10 16:26,1.9,2026-01-11 21:42,,,
2026-01-10 19:25,2026-01-11 15:15,Segunda División,Malaga,AD Ceuta FC,Over/Under 2.5,Over 2.5,2.15,59.2,58.18,1.72,11.67,11.67,,5.5,Ensemble-DC (0.95),,N/A,N/A,7de1c8db2fdca64043187dfe23481c7a,1391992,FT,'2-1,Ganada,2.15,2026-01-10 19:25,2.1,2026-01-11 21:42,,,
2026-01-10 19:25,2026-01-11 16:30,Premiership,Aberdeen,Rangers,Over/Under 2.5,Under 2.5,2.05,60.88,59.91,1.67,11.13,11.13,,5.4,Ensemble-DC (0.95),,N/A,N/A,b1f34a5a2f9541206e27cda68c43d2a1,1382792,FT,'0-2,Ganada,2.05,2026-01-10 19:25,2.05,2026-01-11 21:42,,,
2026-01-10 22:53,2026-01-12 20:00,La Liga,Sevilla,Celta Vigo,Over/Under 2.5,Over 2.5,2.05,59.25,58.41,1.71,9.63,9.63,,4.7,Ensemble-DC (0.80),,N/A,N/A,6f12cec0e1c8cdf7114151a5873ea6b4,1391006,FT,'0-1,Perdida,2.05,2026-01-10 22:53,2.3,2026-01-12 19:36,2.25,-8.89%,Malo
2026-01-10 19:25,2026-01-13 19:30,Bundesliga,Borussia Dortmund,Werder Bremen,Over/Under 2.5,Under 2.5,2.88,45.29,44.44,2.25,9.72,9.72,,3.7,Ensemble-DC (0.95),,N/A,N/A,14cd055e79565c44dd953a81545ed2bd,1388453,FT,'3-0,Perdida,2.88,2026-01-10 19:25,2.88,2026-01-13 16:15,2.88,0.00%,Neutro
2026-01-10 19:25,2026-01-14 17:30,Serie A,Napoli,Parma,Over/Under 2.5,Under 2.5,1.85,65.3,64.4,1.55,10.93,10.93,,5.6,Ensemble-DC (0.95),,N/A,N/A,a43a64a3e06a81ee896cdf6fca592140,1378021,FT,'0-0,Ganada,1.85,2026-01-10 19:25,2.05,2026-01-14 14:06,2.05,-9.76%,Malo
2026-01-10 22:53,2026-01-11 15:15,La Liga,Levante,Espanyol,Over/Under 2.5,Over 2.5,2.05,56.35,55.74,1.79,6.96,6.96,,3.4,Ensemble-DC (0.80),,N/A,N/A,7ab9c5228571ed255161dba91ab063c8,1391003,FT,'1-1,Perdida,2.05,2026-01-10 22:53,2,2026-01-11 21:42,,,
2026-01-10 22:53,2026-01-12 19:30,Segunda División,Huesca,Cordoba,Over/Under 2.5,Over 2.5,2.45,50.12,49.38,2.03,8.56,8.56,,3.6,Ensemble-DC (0.80),,N/A,N/A,6639a3dafeceaf27ed66ad202d77d435,1391990,FT,'1-2,Ganada,2.45,2026-01-10 22:53,2.4,2026-01-12 19:36,2.4,2.08%,Bueno
2026-01-10 22:53,2026-01-12 17:30,Serie A,Genoa,Cagliari,Over/Under 2.5,Over 2.5,2.55,52.41,51.35,1.95,12.14,12.14,,5,Ensemble-DC (0.80),,N/A,N/A,3dc4afdf8eefd23af2a157fce1a8bd69,1378057,FT,'3-0,Ganada,2.55,2026-01-10 22:53,2.63,2026-01-12 10:53,,,
2026-01-10 22:53,2026-01-12 19:45,Serie A,Juventus,Cremonese,Over/Under 2.5,Under 2.5,2.25,60.56,59.27,1.69,14.83,14.83,,6.7,Ensemble-DC (0.80),,N/A,N/A,4fca056657dbeb292d9df99b7824a1f4,1378059,FT,'5-0,Perdida,2.25,2026-01-10 22:53,2.25,2026-01-12 19:36,2.2,2.27%,Bueno
2026-01-14 14:06,2026-01-16 19:45,Serie A,Pisa,Atalanta,Over/Under 2.5,Under 2.5,1.87,65.29,64.35,1.55,13.23,13.23,,5.8,Ensemble-DC (0.80),,N/A,N/A,fff9c6db82b2912d01fdb9341da2c2f2,1378071,FT,'1-1,Ganada,1.87,2026-01-14 14:06,1.95,2026-01-16 19:28,1.95,-4.10%,Regular
2026-01-14 13:51,2026-01-17 19:30,2. Bundesliga,Hertha BSC,FC Schalke 04,BTTS,BTTS No,1.9,63.68,62.8,1.59,8.6,8.6,,5.4,Ensemble-DC (0.80),,N/A,N/A,39fc1375e55a4428434606fab735ad82,1388770,FT,'0-0,Ganada,1.9,2026-01-14 13:51,2,2026-01-17 12:21,1.95,-2.56%,Regular
2026-01-14 13:51,2026-01-17 16:00,Ligue 1,Lens,Auxerre,BTTS,BTTS No,1.87,62.22,61.52,1.63,8.04,8.04,,4.3,Ensemble-DC (0.80),,N/A,N/A,4bd5f281f6f9b0d02a204bf7ea53880f,1387852,FT,'1-0,Ganada,1.87,2026-01-14 13:51,1.83,2026-01-17 12:21,1.83,2.19%,Bueno
2026-01-14 13:51,2026-01-17 13:00,Ligue 2,Grenoble,RED Star FC 93,BTTS,BTTS No,1.87,66.61,65.56,1.53,11.54,11.54,,6.5,Ensemble-DC (0.80),,N/A,N/A,8aea0968609a1298e456d2d6d408804e,1389282,FT,'0-3,Ganada,1.87,2026-01-14 13:51,1.8,2026-01-17 12:21,1.8,3.89%,Bueno
2026-01-14 13:51,2026-01-17 19:00,Eredivisie,Excelsior,Telstar,BTTS,BTTS No,2.38,49.63,49.02,2.04,6.87,6.87,,3,Ensemble-DC (0.80),,N/A,N/A,c4ad5fe56baa8bea77df6a3c71a5b276,1381030,FT,'2-2,Perdida,2.38,2026-01-14 13:51,2.38,2026-01-17 12:21,2.3,3.48%,Bueno
2026-01-15 19:12,2026-01-18 14:30,Bundesliga,VfB Stuttgart,Union Berlin,Over/Under 2.5,Over 2.5,1.8,69.77,68.63,1.46,12.45,12.45,,7.4,Ensemble-DC (0.80),,N/A,N/A,b37b7177ad5afc83a60c6f11f7ff700e,1388467,FT,'1-1,Perdida,1.8,2026-01-15 19:12,1.67,2026-01-18 10:42,1.65,9.09%,Excelente
2026-01-14 13:51,2026-01-18 14:00,Ligue 1,Strasbourg,Metz,BTTS,BTTS No,2.15,57.21,56.35,1.77,9.84,9.84,,4.6,Ensemble-DC (0.80),,N/A,N/A,67e85547df39e8731fa2465560086edc,1387858,FT,'2-1,Perdida,2.15,2026-01-14 13:51,2,2026-01-18 10:42,1.87,14.97%,Excelente
2026-01-14 14:06,2026-01-15 17:30,Serie A,Verona,Bologna,Over/Under 2.5,Over 2.5,2.3,50.63,50.06,2,7.18,7.18,,2.9,Ensemble-DC (0.80),,N/A,N/A,b8d619c90254d499b27f87230f7079cd,1378023,FT,'2-3,Ganada,2.3,2026-01-14 14:06,2.3,2026-01-15 11:00,2.25,2.22%,Bueno
2026-01-14 14:06,2026-01-16 19:00,Ligue 2,Dunkerque,PAU,Over/Under 2.5,Over 2.5,1.8,75.12,73.55,1.36,17.04,17.04,,10.1,Ensemble-DC (0.80),,N/A,N/A,911ea5bccd693c310f48cbc4af98afb1,1389289,FT,'3-1,Ganada,1.8,2026-01-14 14:06,1.8,2026-01-16 14:21,1.75,2.86%,Bueno
2026-01-15 07:39,2026-01-15 19:45,Serie A,Como,AC Milan,Over/Under 2.5,Under 2.5,1.8,65.32,64.54,1.55,8.1,8.1,,5.1,Ensemble-DC (0.80),,N/A,N/A,d29bc76288471ae4fcecd90e0a4af591,1378015,FT,'1-3,Perdida,1.8,2026-01-15 07:39,1.75,2026-01-15 14:37,1.73,4.05%,Bueno
2026-01-15 07:39,2026-01-17 17:00,Serie A,Napoli,Sassuolo,Over/Under 2.5,Over 2.5,2,57.91,57.27,1.75,6.73,6.73,,3.6,Ensemble-DC (0.80),,N/A,N/A,8f96cff60ab50276f394fb0aa9e78cc3,1378069,FT,'1-0,Perdida,2,2026-01-15 07:39,2,2026-01-17 12:21,1.95,2.56%,Bueno
2026-01-15 07:39,2026-01-17 18:00,Primeira Liga,Alverca,Moreirense,Over/Under 2.5,Over 2.5,2.38,50.44,49.77,2.01,10.08,10.08,,3.3,Ensemble-DC (0.80),,N/A,N/A,dccac810f404b42e81d173d718e91515,1396391,FT,'2-1,Ganada,2.38,2026-01-15 07:39,2.63,2026-01-17 12:21,2.63,-9.51%,Malo
2026-01-15 07:39,2026-01-18 16:15,Ligue 1,Nantes,Paris FC,Over/Under 2.5,Over 2.5,1.95,63.56,62.57,1.6,7.24,7.24,,5.8,Ensemble-DC (0.80),,N/A,N/A,1bc75a83f3ae5675dd7b30b6bf125d54,1387855,FT,'1-2,Ganada,1.95,2026-01-15 07:39,1.9,2026-01-18 14:54,2,-2.50%,Regular
2026-01-15 07:39,2026-01-19 20:00,La Liga,Elche,Sevilla,Over/Under 2.5,Over 2.5,2.1,61.87,60.73,1.65,12.88,12.88,,6.3,Ensemble-DC (0.80),,N/A,N/A,b33c7718a46d77e3838d091dbfaafe6f,1391012,FT,'2-2,Ganada,2.1,2026-01-15 07:39,2.3,2026-01-19 17:48,2.25,-6.67%,Malo
2026-01-15 07:39,2026-01-19 20:15,Primeira Liga,Estrela,Estoril,Over/Under 2.5,Over 2.5,1.85,77.65,75.77,1.32,20.07,20.07,,11.8,Ensemble-DC (0.80),,N/A,N/A,32585faaa05675bdd1ee79116f0464d1,1396392,FT,'0-5,Ganada,1.85,2026-01-15 07:39,1.8,2026-01-19 17:48,1.8,2.78%,Bueno
2026-01-15 10:49,2026-01-17 12:30,Championship,Coventry,Leicester,Over/Under 2.5,Over 2.5,1.57,74.35,73.5,1.36,9.8,9.8,,6.8,Ensemble-DC (0.80),,N/A,N/A,def329e151b524e99671ff51067e6e92,1386865,FT,'2-1,Ganada,1.57,2026-01-15 10:49,1.62,2026-01-17 07:32,1.6,-1.88%,Neutro
2026-01-15 14:37,2026-01-16 20:00,Championship,West Brom,Middlesbrough,Over/Under 2.5,Under 2.5,1.87,62.21,61.51,1.63,8.03,8.03,,4.3,Ensemble-DC (0.80),,N/A,N/A,04c1f1ef2ae95c200608715ddc94f1f3,1386871,FT,'2-3,Perdida,1.87,2026-01-15 14:37,1.75,2026-01-16 19:28,1.75,6.86%,Excelente
2026-01-15 14:37,2026-01-17 15:00,Premier League,Leeds,Fulham,Over/Under 2.5,Over 2.5,2.15,69.07,67.27,1.49,15.37,15.37,,9.7,Ensemble-DC (0.80),,N/A,N/A,434bcbf7b58629b5bcfc01e38d5f9fc5,1379182,FT,'1-0,Perdida,2.15,2026-01-15 14:37,1.91,2026-01-17 12:21,1.91,12.57%,Excelente
2026-01-15 14:37,2026-01-17 12:30,Championship,Watford,Millwall,Over/Under 2.5,Over 2.5,2.1,56.63,55.91,1.79,8.18,8.18,,4,Ensemble-DC (0.80),,N/A,N/A,16e2d870862026241da8c596258f9092,1386868,FT,'0-2,Perdida,2.1,2026-01-15 14:37,2.1,2026-01-17 07:32,2,5.00%,Excelente
2026-01-15 14:37,2026-01-17 14:00,Serie B,Venezia,Catanzaro,Over/Under 2.5,Over 2.5,1.87,62.2,61.5,1.63,8.02,8.02,,4.3,Ensemble-DC (0.80),,N/A,N/A,da5c399e6c7b6dbb8647e0bf020606ba,1419786,FT,'3-1,Ganada,1.87,2026-01-15 14:37,1.8,2026-01-17 12:21,1.73,8.09%,Excelente
2026-01-15 14:37,2026-01-17 20:00,Eredivisie,NAC Breda,NEC Nijmegen,BTTS,BTTS No,2.55,45.92,45.38,2.2,6.17,6.17,,2.5,Ensemble-DC (0.80),,N/A,N/A,4874ef0f83973f0e674bd3e5f7f3d698,1381035,FT,'3-4,Perdida,2.55,2026-01-15 14:37,2.38,2026-01-17 12:21,2.38,7.14%,Excelente
2026-01-16 10:01,2026-01-17 14:00,Serie B,Padova,Mantova,BTTS,BTTS No,2,58.27,57.61,1.74,7.29,7.29,,3.8,Ensemble-DC (0.80),,N/A,N/A,22cde1248a544c3391d2c39bdd45e79f,1419785,FT,'1-2,Perdida,2,2026-01-16 10:01,1.91,2026-01-17 12:21,1.91,4.71%,Bueno
2026-01-16 14:03,2026-01-17 17:30,Championship,Swansea,Birmingham,Over/Under 2.5,Over 2.5,2.15,53.73,53.16,1.88,6.64,6.64,,3.1,Ensemble-DC (0.80),,N/A,N/A,79b5dc84847807609ca40cc170f05ea6,1386866,FT,'1-1,Perdida,2.15,2026-01-16 14:03,2.15,2026-01-17 12:21,2.15,0.00%,Neutro
2026-01-16 14:03,2026-01-18 18:00,Primeira Liga,Tondela,SC Braga,Over/Under 2.5,Over 2.5,2.1,60.36,59.34,1.69,10.96,10.96,,5.6,Ensemble-DC (0.80),,N/A,N/A,3f2567945cc9c889048d930ea3f733bf,1396397,FT,'0-1,Perdida,2.1,2026-01-16 14:03,2.05,2026-01-18 14:54,2,5.00%,Excelente
2026-01-16 14:03,2026-01-20 19:45,Championship,Oxford United,QPR,Over/Under 2.5,Over 2.5,2.2,52.15,51.61,1.94,6.16,6.16,,2.8,Ensemble-DC (0.80),,N/A,N/A,4356034132494e4b80adfcbab3096ec9,1386882,FT,'0-0,Perdida,2.2,2026-01-16 14:03,2.3,2026-01-20 17:57,2.25,-2.22%,Regular
2026-01-17 07:32,2026-01-17 18:00,Primeira Liga,AVS,Arouca,Over/Under 2.5,Over 2.5,2.3,57.94,56.78,1.76,13.3,13.3,,5.9,Ensemble-DC (0.80),,N/A,N/A,b091dd9225cd05cf60a6272d8161e128,1396390,FT,'0-1,Perdida,2.3,2026-01-17 07:32,2.3,2026-01-17 12:21,2.25,2.22%,Bueno
2026-01-17 07:32,2026-01-17 15:30,Primeira Liga,GIL Vicente,Nacional,BTTS,BTTS No,1.87,63.79,62.96,1.59,7.57,7.57,,5.1,Ensemble-DC (0.80),,N/A,N/A,b00599cbafcb3f134472f15a73bff9d8,1396393,FT,'2-1,Perdida,1.87,2026-01-17 07:32,1.8,2026-01-17 12:21,1.73,8.09%,Excelente
2026-01-17 19:46,2026-01-20 19:45,Championship,Swansea,Blackburn,BTTS,BTTS No,1.87,62.23,61.53,1.63,8.05,8.05,,4.3,Ensemble-DC (0.80),,N/A,N/A,9a732d044f660e60a9af7196f7bd35f2,1386878,FT,'3-1,Perdida,1.87,2026-01-17 19:46,1.8,2026-01-20 17:57,1.8,3.89%,Bueno
2026-01-18 14:22,2026-01-18 16:30,Premier League,Aston Villa,Everton,Over/Under 2.5,Under 2.5,2.05,57.52,56.82,1.76,8.04,8.04,,3.9,Ensemble-DC (0.80),,N/A,N/A,284c32cca6f95e8e8fd17995d637ff8e,1379179,FT,'0-1,Ganada,2.05,2026-01-18 14:22,2.05,2026-01-18 14:54,2,2.50%,Bueno
2026-01-18 14:22,2026-01-18 15:30,Primeira Liga,Santa Clara,Famalicao,BTTS,BTTS No,1.87,68.91,67.68,1.48,14.2,14.2,,7.6,Ensemble-DC (0.80),,N/A,N/A,89ce0751dd61f994556ba735ff048e83,1396395,FT,'0-1,Ganada,1.87,2026-01-18 14:22,1.87,2026-01-18 14:54,1.75,6.86%,Excelente
2026-01-19 07:19,2026-01-23 19:30,Serie B,Carrarese,Empoli,Over/Under 2.5,Over 2.5,2.1,57.64,56.84,1.76,9.22,9.22,,4.4,Ensemble-DC (0.80),,N/A,N/A,b06df43569aeb3f45ea256b038b19424,1419800,FT,'3-0,Ganada,2.1,2026-01-19 07:19,2.15,2026-01-23 17:48,2,5.00%,Excelente
2026-01-24 09:47,2026-01-24 15:00,Premiership,Aberdeen,Livingston,Over/Under 2.5,Under 2.5,1.87,66.48,65.53,1.53,12.05,10.19,,6.5,Ensemble-DC-XGB-V4.1,,N/A,N/A,f2d974f5ddf5551cb242cf80e1320d0b,1382798,FT,'6-2,Perdida,1.87,2026-01-24 09:47,1.87,2026-01-24 14:37,1.87,0.00%,Neutro
2026-01-24 09:47,2026-01-25 14:00,Premier League,Crystal Palace,Chelsea,Over/Under 2.5,Under 2.5,2,69.89,68.44,1.46,18.44,15.67,,9.2,Ensemble-DC-XGB-V4.1,,N/A,N/A,26ee0ebc04169b9aaf709bb113450de9,1379193,FT,'1-3,Perdida,2,2026-01-24 09:47,2.25,2026-01-25 07:38,2.1,-4.76%,Regular
2026-01-24 09:47,2026-01-25 14:00,Serie A,Atalanta,Parma,Over/Under 2.5,Under 2.5,2.1,64.45,63.22,1.58,15.6,14.44,,7.4,Ensemble-DC-XGB-V4.1,,N/A,N/A,c3a0947638b494bcc1391ae6112d10e4,1378074,FT,'4-0,Perdida,2.1,2026-01-24 09:47,2.05,2026-01-25 07:38,2.1,0.00%,Neutro
2026-01-24 09:47,2026-01-25 12:30,2. Bundesliga,FC Schalke 04,1. FC Kaiserslautern,Over/Under 2.5,Under 2.5,1.9,66.4,65.39,1.53,12.76,12.58,,6.7,Ensemble-DC-XGB-V4.1,,N/A,N/A,80682dfa2b9d1388e7c4c89c5e55fcc7,1388784,FT,'2-2,Perdida,1.9,2026-01-24 09:47,1.9,2026-01-25 07:38,1.85,2.70%,Bueno
2026-01-24 09:47,2026-01-26 20:15,Primeira Liga,FC Porto,GIL Vicente,Over/Under 2.5,Under 2.5,1.8,72.86,71.6,1.4,16.04,15.45,,9,Ensemble-DC-XGB-V4.1,,N/A,N/A,0d4896c72bd8cc12aeaf74fb06b87c28,1396405,FT,'3-0,Perdida,1.8,2026-01-24 09:47,1.8,2026-01-26 19:49,1.8,0.00%,Neutro
2026-01-24 09:47,2026-01-27 19:30,Bundesliga,FC St. Pauli,RB Leipzig,Over/Under 2.5,Under 2.5,2.1,60.05,59.14,1.69,11.52,11.52,,5.5,Ensemble-DC-XGB-V4.1,,N/A,N/A,7bc1e9fa0e048b747903f8aa92579a51,1388449,FT,'1-1,Ganada,2.1,2026-01-24 09:47,1.75,2026-01-27 16:20,1.73,21.39%,Excelente
2026-01-24 14:37,2026-01-24 19:00,Ligue 2,Reims,Saint Etienne,Over/Under 2.5,Over 2.5,1.87,72.96,69.67,1.44,16.19,16.19,,8.7,Ensemble-DC-XGB-V4.1,,N/A,N/A,6e3efa76ecfc467fef592fcc842d357a,1389297,FT,'1-0,Perdida,1.87,2026-01-24 14:37,1.87,2026-01-24 17:38,1.8,3.89%,Bueno
2026-01-24 14:37,2026-01-25 16:15,Ligue 1,Stade Brestois 29,Toulouse,Over/Under 2.5,Over 2.5,2.1,59.72,57.68,1.73,10.06,10.06,,4.8,Ensemble-DC-XGB-V4.1,,N/A,N/A,f8c451cfe203be56592b191df8391cb9,1387861,FT,'0-2,Perdida,2.1,2026-01-24 14:37,2.2,2026-01-25 14:28,2.25,-6.67%,Malo
2026-01-27 13:57,2026-01-30 19:30,Serie B,Bari,Palermo,BTTS,BTTS No,1.87,64.7,63.61,1.57,10.13,9.98,,5.4,Ensemble-DC-Split,,N/A,N/A,50c05060ade91591984a2cdae7fa6ecf,1419809,FT,'0-3,Ganada,1.87,2026-01-27 13:57,1.65,2026-01-30 14:43,1.6,16.87%,Excelente
2026-01-27 13:57,2026-01-30 19:00,Ligue 2,Clermont Foot,Reims,Over/Under 2.5,Over 2.5,2,64.01,61.64,1.62,11.64,11.64,,5.8,Ensemble-DC-Split,,N/A,N/A,b7a81286d4f05eb10aac5e0b834d7950,1389302,FT,'0-1,Perdida,2,2026-01-27 13:57,1.87,2026-01-30 14:43,1.85,8.11%,Excelente
2026-01-27 13:57,2026-01-31 15:00,Premier League,Brighton,Everton,Over/Under 2.5,Under 2.5,1.91,63.12,61.86,1.62,9.5,8.38,,5,Ensemble-DC-Split,,N/A,N/A,e746fb2f26b686831f8df257a21f6626,1379200,FT,'1-1,Ganada,1.91,2026-01-27 13:57,1.87,2026-01-31 13:41,1.87,2.14%,Bueno
2026-01-27 13:57,2026-01-31 13:00,La Liga,Oviedo,Girona,BTTS,BTTS No,1.87,65.24,64.09,1.56,10.61,12.35,,5.7,Ensemble-DC-Split,,N/A,N/A,0d3f07b01a955b141eec03ac5718cdeb,1391038,FT,'1-0,Ganada,1.87,2026-01-27 13:57,1.87,2026-01-31 10:01,1.87,0.00%,Neutro
2026-01-27 13:57,2026-01-31 15:00,Premiership,ST Mirren,Dundee,Over/Under 2.5,Under 2.5,1.85,70.9,68.93,1.45,14.87,18.07,,8.1,Ensemble-DC-Split,,N/A,N/A,94ea8ef78dae9dc6b970401169ce7ec9,1382809,FT,'0-0,Ganada,1.85,2026-01-27 13:57,1.9,2026-01-31 13:41,1.9,-2.63%,Regular
2026-01-27 13:57,2026-01-31 18:00,Primeira Liga,Rio Ave,Arouca,Over/Under 2.5,Over 2.5,2,64.26,61.85,1.62,11.85,11.85,,5.9,Ensemble-DC-Split,,N/A,N/A,9338f3248df586137b32733c18d40817,1396412,FT,'0-3,Ganada,2,2026-01-27 13:57,2,2026-01-31 15:44,1.95,2.56%,Bueno
2026-01-28 06:46,2026-02-01 15:15,La Liga,Real Betis,Valencia,Over/Under 2.5,Over 2.5,1.85,70.09,67.37,1.48,13.32,13.32,,7.2,Ensemble-DC-Split,,N/A,N/A,21103c1294375c575bd21be5845ce078,1391030,FT,'2-1,Ganada,1.85,2026-01-28 06:46,1.85,2026-01-28 21:09,1.8,2.78%,Bueno
2026-01-28 06:46,2026-02-01 12:30,2. Bundesliga,Hertha BSC,SV Darmstadt 98,Over/Under 2.5,Under 2.5,2.1,64.33,62.37,1.6,14.75,9.33,,7,Ensemble-DC-Split,,N/A,N/A,dcc4c51aab73302843570b4256dff682,1388788,FT,'2-2,Perdida,2.1,2026-01-28 06:46,2.1,2026-02-01 09:48,2.1,0.00%,Neutro
2026-01-28 06:46,2026-02-01 15:30,Primeira Liga,GIL Vicente,Famalicao,BTTS,BTTS No,1.87,68.61,67.13,1.49,13.65,7.39,,7.3,Ensemble-DC-Split,,N/A,N/A,dc18dfa4a6309c78b899eddd10b7ee61,1396411,FT,'5-0,Ganada,1.87,2026-01-28 06:46,1.8,2026-02-01 14:15,1.8,3.89%,Bueno
2026-01-29 04:29,2026-01-30 20:00,Championship,Bristol City,Derby,Over/Under 2.5,Over 2.5,2.15,67.98,64.34,1.55,17.83,17.83,,8.3,Ponderado-Mejorado,,N/A,N/A,78c3b1502c82f08ec72b81a5d1671173,1386899,FT,'0-5,Ganada,2.15,2026-01-29 04:29,2.15,2026-01-30 14:43,2.15,0.00%,Neutro
2026-01-29 04:29,2026-01-30 17:30,2. Bundesliga,1. FC Nürnberg,Preußen Münster,Over/Under 2.5,Over 2.5,1.75,78.94,75.25,1.33,18.1,21.15,,10.6,Ponderado-Mejorado,,N/A,N/A,ecd71a38ccded3206fc0e9ca7d1119d8,1388792,FT,'1-1,Perdida,1.75,2026-01-29 04:29,1.87,2026-01-30 14:43,1.8,-2.78%,Regular
2026-01-29 04:29,2026-01-30 19:00,Ligue 2,Bastia,Nancy,BTTS,BTTS Yes,2.1,58.16,57.11,1.75,9.49,9.49,,4.5,Ponderado-Mejorado,,N/A,N/A,a877359e5b586cdaefe17c3c77e52579,1389300,FT,'0-0,Perdida,2.1,2026-01-29 04:29,2.1,2026-01-30 14:43,2.2,-4.55%,Regular
2026-01-29 04:29,2026-01-30 19:00,Ligue 2,Montpellier,Guingamp,Over/Under 2.5,Over 2.5,2.1,73.56,69.17,1.45,21.55,21.55,,10.3,Ponderado-Mejorado,,N/A,N/A,1bd0b0acc829a512f680cf230a33c648,1389304,FT,'3-1,Ganada,2.1,2026-01-29 04:29,2.3,2026-01-30 14:43,2.25,-6.67%,Malo
2026-01-29 04:29,2026-01-30 20:45,Primeira Liga,Guimaraes,Moreirense,BTTS,BTTS Yes,2,70.46,68.41,1.46,18.41,19.51,,9.2,Ponderado-Mejorado,,N/A,N/A,41239ff070040b6829489ca49ed752b5,1396416,FT,'1-0,Perdida,2,2026-01-29 04:29,2.05,2026-01-30 14:43,1.95,2.56%,Bueno
2026-01-31 10:01,2026-01-31 15:00,Premier League,Leeds,Arsenal,BTTS,BTTS Yes,2,69.43,67.49,1.48,17.49,16.33,,3.8,Ponderado-Mejorado,,N/A,N/A,dcfc8f590fc711d596ede0874a12b3c2,1379202,FT,'0-4,Perdida,2,2026-01-31 10:01,1.95,2026-01-31 13:41,1.95,2.56%,Bueno
2026-01-29 04:29,2026-01-31 15:00,Championship,Portsmouth,West Brom,Over/Under 2.5,Over 2.5,2.2,60.1,57.62,1.74,12.16,18.4,,5.6,Ponderado-Mejorado,,N/A,N/A,fd7baced26095e8a20d13268636b0bdf,1386900,FT,'3-0,Ganada,2.2,2026-01-29 04:29,2.55,2026-01-31 13:41,2.55,-13.73%,Malo
2026-01-29 04:29,2026-01-31 12:30,Championship,Leicester,Charlton,Over/Under 2.5,Over 2.5,2.1,67.09,63.79,1.57,16.17,14.18,,7.7,Ponderado-Mejorado,,N/A,N/A,85eadc30bd9601986bd4db1ddbe3730e,1386901,FT,'0-2,Perdida,2.1,2026-01-29 04:29,2,2026-01-31 10:01,1.91,9.95%,Excelente
2026-01-29 04:29,2026-01-31 15:00,Championship,Watford,Swansea,Over/Under 2.5,Over 2.5,2.05,62.21,59.94,1.67,11.16,12.11,,5.4,Ponderado-Mejorado,,N/A,N/A,3b70d6185f1b1fec9de5c6d2fd95c177,1386905,FT,'0-2,Perdida,2.05,2026-01-29 04:29,2.1,2026-01-31 13:41,2.1,-2.38%,Regular
2026-01-29 04:29,2026-01-31 15:00,Championship,Blackburn,Hull City,Over/Under 2.5,Over 2.5,2.1,75.35,70.65,1.42,23.03,21.04,,11,Ponderado-Mejorado,,N/A,N/A,06b835e83c37d9cace2869213719e517,1386907,FT,'0-1,Perdida,2.1,2026-01-29 04:29,2,2026-01-31 13:41,2,5.00%,Excelente
2026-01-29 04:29,2026-01-31 12:30,Championship,Stoke City,Southampton,Over/Under 2.5,Over 2.5,1.9,73.11,69.64,1.44,17.01,17.01,,9,Ponderado-Mejorado,,N/A,N/A,8ca4a70cb14b95fab799e3bda00bbe90,1386908,FT,'0-2,Perdida,1.9,2026-01-29 04:29,1.9,2026-01-31 10:01,1.87,1.60%,Neutro
2026-01-29 04:29,2026-01-31 15:00,Championship,Ipswich,Preston,Over/Under 2.5,Over 2.5,1.8,75.93,72.48,1.38,16.92,16.92,,9.5,Ponderado-Mejorado,,N/A,N/A,407574cb425e90b1361c04cec827e2be,1386909,FT,'1-1,Perdida,1.8,2026-01-29 04:29,1.8,2026-01-31 13:41,1.8,0.00%,Neutro
2026-01-29 19:44,2026-01-31 17:30,La Liga,Levante,Atletico Madrid,Over/Under 2.5,Over 2.5,1.75,76.79,73.46,1.36,16.32,11.73,,3.3,Ponderado-Mejorado,,N/A,N/A,e22a38e017c34c299e43fe66d37fb074,1391034,FT,'0-0,Perdida,1.75,2026-01-29 19:44,1.62,2026-01-31 15:44,1.6,9.38%,Excelente
2026-01-31 10:01,2026-01-31 15:15,Segunda División,Albacete,Zaragoza,BTTS,BTTS Yes,1.83,67.23,65.97,1.52,11.33,12.38,,3,Ponderado-Mejorado,,N/A,N/A,92ea8ecd5be6af8f58148030e49dbca2,1392019,FT,'2-0,Perdida,1.83,2026-01-31 10:01,1.87,2026-01-31 13:41,1.87,-2.14%,Regular
2026-01-29 04:29,2026-01-31 17:00,Serie A,Napoli,Fiorentina,Over/Under 2.5,Over 2.5,2,72.33,68.55,1.46,18.55,22.04,,9.3,Ponderado-Mejorado,,N/A,N/A,2c572328e5733c73aff2eac128da9d41,1378089,FT,'2-1,Ganada,2,2026-01-29 04:29,2.15,2026-01-31 15:44,2.2,-9.09%,Malo
2026-01-29 04:29,2026-01-31 14:00,Serie B,Avellino,Cesena,Over/Under 2.5,Over 2.5,2.2,69.34,65.29,1.53,19.84,19.84,,9.1,Ponderado-Mejorado,,N/A,N/A,2a435b0462270a53ccb3c886229ca946,1419806,FT,'3-1,Ganada,2.2,2026-01-29 04:29,2.2,2026-01-31 13:41,2.2,0.00%,Neutro
2026-01-29 04:29,2026-01-31 14:30,Bundesliga,FC Augsburg,FC St. Pauli,Over/Under 2.5,Over 2.5,2.2,67.52,63.78,1.57,18.33,24.56,,8.4,Ponderado-Mejorado,,N/A,N/A,1bc05cbc03562b6e8a3cbfdf7694159b,1388479,FT,'2-1,Ganada,2.2,2026-01-29 04:29,2.55,2026-01-31 13:41,2.55,-13.73%,Malo
2026-01-29 04:29,2026-01-31 15:00,Premiership,Livingston,Motherwell,Over/Under 2.5,Over 2.5,1.9,71.62,68.4,1.46,15.77,13.33,,8.3,Ponderado-Mejorado,,N/A,N/A,c9fa62ea10c4d9e3300f64bc7dc0c656,1382808,FT,'0-2,Perdida,1.9,2026-01-29 04:29,1.8,2026-01-31 13:41,1.8,5.56%,Excelente
2026-01-31 15:44,2026-01-31 20:30,Primeira Liga,Alverca,Estrela,BTTS,BTTS Yes,2.2,69.81,67.37,1.48,21.92,22.93,,1.8,Ponderado-Mejorado,,N/A,N/A,9789da8875153a39cba07048c422afdd,1396409,FT,'1-1,Ganada,2.2,2026-01-31 15:44,2.25,2026-01-31 17:52,2.2,0.00%,Neutro
2026-01-29 04:29,2026-01-31 15:30,Primeira Liga,Santa Clara,Estoril,Over/Under 2.5,Over 2.5,2.2,58.24,56.08,1.78,10.62,10.63,,4.9,Ponderado-Mejorado,,N/A,N/A,fad78042e520d0b29fbdb2cf3428ce5c,1396413,FT,'2-4,Ganada,2.2,2026-01-29 04:29,2.2,2026-01-31 13:41,2.2,0.00%,Neutro
2026-01-29 04:29,2026-02-01 15:15,Segunda División,Eibar,Sporting Gijon,BTTS,BTTS Yes,2.1,63.62,62.02,1.61,14.4,12.02,,6.9,Ponderado-Mejorado,,N/A,N/A,644aad9f53a2618aec6f087588d7230e,1392020,FT,'1-0,Perdida,2.1,2026-01-29 04:29,2,2026-02-01 14:52,2,5.00%,Excelente
2026-01-29 04:29,2026-02-01 17:30,Segunda División,Huesca,Cadiz,BTTS,BTTS Yes,2.1,59.28,58.12,1.72,10.5,8.12,,5,Ponderado-Mejorado,,N/A,N/A,8070797a36e1fd9a2ece369a807d8aa8,1392028,FT,'1-0,Perdida,2.1,2026-01-29 04:29,2,2026-02-01 14:52,2,5.00%,Excelente
2026-01-29 04:29,2026-02-01 14:00,Serie A,Como,Atalanta,Over/Under 2.5,Over 2.5,1.91,69.68,66.74,1.5,14.39,14.54,,7.5,Ponderado-Mejorado,,N/A,N/A,8da7d61ca8b33dfa90f23ca8a01a6a41,1378086,FT,'0-0,Perdida,1.91,2026-01-29 04:29,1.95,2026-02-01 13:43,1.95,-2.05%,Regular
2026-01-29 04:29,2026-02-01 14:00,Serie B,Reggiana,Juve Stabia,BTTS,BTTS Yes,2.1,60.3,59.03,1.69,11.41,11.41,,5.4,Ponderado-Mejorado,,N/A,N/A,aa94bd4e78ee2fe388a738db5a3e1bf0,1419807,FT,'1-1,Ganada,2.1,2026-01-29 04:29,2.1,2026-02-01 13:43,2.1,0.00%,Neutro
2026-01-31 10:01,2026-02-01 12:30,Jupiler Pro League,Standard Liege,Anderlecht,BTTS,BTTS Yes,1.91,63.8,62.65,1.6,10.3,7.09,,2.5,Ponderado-Mejorado,,N/A,N/A,9aaf3e49b1ec51c69be0566baebfbe1f,1382607,FT,'2-0,Perdida,1.91,2026-01-31 10:01,1.8,2026-02-01 09:48,1.8,6.11%,Excelente
2026-01-29 04:29,2026-02-02 20:00,La Liga,Mallorca,Sevilla,Over/Under 2.5,Over 2.5,2.2,71.88,67.4,1.48,21.95,23.92,,10.1,Ponderado-Mejorado,,76.7,92.2,178e7b642a350322c2ef0976b4869eca,1391035,FT,'4-1,Ganada,2.2,2026-01-29 04:29,2.3,2026-02-02 18:17,2.4,-8.33%,Malo
2026-01-29 04:29,2026-02-02 19:30,Segunda División,Mirandes,Malaga,Over/Under 2.5,Over 2.5,2.1,63.13,60.5,1.65,12.88,12.88,,6.1,Ponderado-Mejorado,,77.9,85.7,21c0b7143463c31c713a6436777fdfed,1392025,FT,'2-1,Ganada,2.1,2026-01-29 04:29,2.1,2026-02-02 18:17,2.25,-6.67%,Malo
2026-01-29 04:29,2026-02-02 18:45,Primeira Liga,AVS,SC Braga,Over/Under 2.5,Over 2.5,1.75,78.63,74.99,1.33,17.85,21.51,,10.4,Ponderado-Mejorado,,77.2,92.8,dcdc626bde712cd9c794d904e6def2af,1396408,FT,'0-4,Ganada,1.75,2026-01-29 04:29,1.87,2026-02-02 18:17,1.75,0.00%,Neutro
2026-01-29 09:36,2026-01-30 19:45,Jupiler Pro League,RAAL La Louvière,Gent,Over/Under 2.5,Under 2.5,1.87,62.98,61.86,1.62,8.38,9.13,,1.4,Ponderado-Mejorado,,N/A,N/A,b0a329cf83b94c353afdeac76c415dfe,1382608,FT,'1-1,Ganada,1.87,2026-01-29 09:36,1.9,2026-01-30 14:43,1.91,-2.09%,Regular
2026-01-29 09:36,2026-02-01 19:45,Serie A,Parma,Juventus,Over/Under 2.5,Under 2.5,1.85,64.11,62.92,1.59,8.87,9.44,,1.6,Ponderado-Mejorado,,60.9,60.9,8a3335a831d51ef7febdfb6015c5e83b,1378090,FT,'1-4,Perdida,1.85,2026-01-29 09:36,1.87,2026-02-01 14:52,1.85,0.00%,Neutro
2026-01-29 09:36,2026-02-01 16:15,Serie B,Padova,Monza,BTTS,BTTS Yes,2.05,58.22,57.28,1.75,8.5,4.65,,1.6,Ponderado-Mejorado,,N/A,N/A,1dc47ea9af8161db780cc6283f1cbadb,1419804,FT,'1-2,Ganada,2.05,2026-01-29 09:36,1.9,2026-02-01 14:52,2,2.50%,Bueno
2026-01-30 03:24,2026-01-30 19:45,Serie A,Lazio,Genoa,BTTS,BTTS Yes,2.2,64.06,62.2,1.61,16.75,16.75,,2.8,Ponderado-Mejorado,,N/A,N/A,fb28e324a7b6ef7e95d427548e3cfa72,1378088,FT,'3-2,Ganada,2.2,2026-01-30 03:24,2.25,2026-01-30 14:43,2.25,-2.22%,Regular
2026-01-30 03:24,2026-02-01 16:15,Ligue 1,Nice,Stade Brestois 29,Over/Under 2.5,Over 2.5,1.75,75.78,72.63,1.38,15.48,12.95,,3.1,Ponderado-Mejorado,,N/A,N/A,5ecf16f687d5dad0f6c28aca357b28c7,1387874,FT,'2-2,Ganada,1.75,2026-01-30 03:24,1.75,2026-02-01 14:52,1.73,1.16%,Neutro
2026-01-30 03:24,2026-02-01 14:00,Premiership,Hibernian,Rangers,Over/Under 2.5,Over 2.5,1.9,73.32,69.81,1.43,17.18,12.01,,2.9,Ponderado-Mejorado,,N/A,N/A,b9bd5e44216abf6a0d6304026d0b39b1,1382806,FT,'0-0,Perdida,1.9,2026-01-30 03:24,1.73,2026-02-01 13:43,1.73,9.83%,Excelente
2026-02-01 09:48,2026-02-01 17:30,Jupiler Pro League,Union St. Gilloise,Club Brugge KV,BTTS,BTTS No,2.15,59.66,58.61,1.71,12.1,11.49,,1.9,Ponderado-Mejorado,,N/A,N/A,df486ff2a62c40cbdfea03062c27d43e,1382604,FT,'1-0,Ganada,2.15,2026-02-01 09:48,2.15,2026-02-01 14:52,2.2,-2.27%,Regular
2026-01-31 03:17,2026-02-01 20:30,Primeira Liga,Tondela,Benfica,Over/Under 2.5,Over 2.5,1.75,72.2,69.66,1.44,12.52,12.52,,2.5,Ponderado-Mejorado,,70.1,70.1,21e542ec51ab1a008cbb8811ce472df8,1396415,FT,'0-0,Perdida,1.75,2026-01-31 03:17,1.75,2026-02-01 19:40,1.75,0.00%,Neutro
2026-01-31 03:17,2026-02-06 20:00,Premier League,Leeds,Nottingham Forest,Over/Under 2.5,Over 2.5,2,73.67,69.68,1.44,19.68,20.9,,3,Ponderado-Mejorado,,77,93.1,2f5169eba4a81db8534260bda9a23260,1379214,FT,'3-1,Ganada,2,2026-01-31 03:17,2.05,2026-02-06 16:59,2.1,-4.76%,Regular
2026-01-31 03:17,2026-02-06 20:00,La Liga,Celta Vigo,Osasuna,Over/Under 2.5,Over 2.5,2.1,66.53,63.34,1.58,15.72,15.72,,2.1,Ponderado-Mejorado,,77.5,89.7,b4b1c4c5e9e61716a2a1ed72b41a5192,1391043,FT,'1-2,Ganada,2.1,2026-01-31 03:17,2.1,2026-02-06 16:59,2.1,0.00%,Neutro
2026-01-31 10:01,2026-01-31 17:30,Segunda División,Cultural Leonesa,Deportivo La Coruna,Over/Under 2.5,Over 2.5,2.2,59.4,57.03,1.75,11.57,11.58,,1.2,Ponderado-Mejorado,,N/A,N/A,a207abafa5a6cb8dd76b5b9a4c300898,1392023,FT,'0-1,Perdida,2.2,2026-01-31 10:01,2.2,2026-01-31 15:44,2.1,4.76%,Bueno
2026-01-31 10:01,2026-02-06 19:30,Serie B,Cesena,Pescara,Over/Under 2.5,Over 2.5,1.75,78.86,75.17,1.33,18.03,21.69,,3.6,Ponderado-Mejorado,,77.2,93.1,6e9f8e4756b93c5e6d1085d24d79f3ca,1419813,FT,'2-0,Perdida,1.75,2026-01-31 10:01,1.87,2026-02-06 16:59,1.75,0.00%,Neutro
2026-01-31 13:41,2026-01-31 14:00,Serie B,Sudtirol,Catanzaro,BTTS,BTTS Yes,2,59.55,58.6,1.71,8.6,8.6,,1.7,Ponderado-Mejorado,,N/A,N/A,d28ba82186d299cfe9f5bdd49eadd94d,1419810,FT,'2-1,Ganada,2,2026-01-31 13:41,2,2026-01-31 13:41,1.95,2.56%,Bueno
2026-02-01 03:46,2026-02-04 19:45,Premiership,Livingston,Falkirk,Over/Under 2.5,Over 2.5,1.91,64.67,62.54,1.6,10.18,9.91,,1.6,Ponderado-Mejorado,,60.4,65.5,75d9dc99cd48737cb1fde843f9a9c04a,1382813,FT,'1-2,Ganada,1.91,2026-02-01 03:46,1.9,2026-02-04 14:03,1.87,2.14%,Bueno
2026-02-01 03:46,2026-02-03 19:45,Championship,Hull City,Watford,Over/Under 2.5,Over 2.5,2,73.94,69.8,1.43,19.8,17.17,,2.9,Ponderado-Mejorado,,77,92.5,f802486123038a017945ed17181de535,1386854,FT,'0-0,Perdida,2,2026-02-01 03:46,1.9,2026-02-03 14:05,1.83,9.29%,Excelente
2026-02-01 03:46,2026-02-03 19:45,Championship,Sheffield Utd,Oxford United,Over/Under 2.5,Over 2.5,1.8,71.47,68.72,1.46,13.16,11.58,,2.4,Ponderado-Mejorado,,66.6,81.6,19d473ddf4afe8568a03be815aa627d0,1386856,FT,'3-1,Ganada,1.8,2026-02-01 03:46,1.75,2026-02-03 14:05,1.73,4.05%,Bueno
2026-02-01 03:46,2026-02-07 19:45,Serie A,Fiorentina,Torino,Over/Under 2.5,Over 2.5,1.95,71.05,67.63,1.48,16.35,15,,2.5,Ponderado-Mejorado,,72.5,60.4,a6562bb3216e123179e7f19e724c686c,1378096,FT,'2-2,Ganada,1.95,2026-02-01 03:46,1.9,2026-02-07 17:07,1.85,5.41%,Excelente
2026-02-01 03:46,2026-02-07 16:15,Serie B,Palermo,Empoli,Over/Under 2.5,Over 2.5,1.91,68.52,65.72,1.52,13.37,14.44,,2.1,Ponderado-Mejorado,,67.9,60.8,c34dfc4a8de883ecc1323930ade1698b,1419819,FT,'3-2,Ganada,1.91,2026-02-01 03:46,1.95,2026-02-07 13:44,2,-4.50%,Regular
2026-02-01 03:46,2026-02-07 14:30,Bundesliga,FSV Mainz 05,FC Augsburg,Over/Under 2.5,Over 2.5,1.85,74.33,70.82,1.41,16.77,15.26,,2.8,Ponderado-Mejorado,,73,86.4,d1fad3c3195df08675c4a23fe25414f2,1388493,FT,'2-0,Perdida,1.85,2026-02-01 03:46,1.8,2026-02-07 13:44,1.8,2.78%,Bueno
2026-02-01 03:46,2026-02-07 18:00,Ligue 1,Stade Brestois 29,Lorient,Over/Under 2.5,Over 2.5,2,63.64,61.28,1.63,11.28,13.66,,1.6,Ponderado-Mejorado,,66.4,63.6,c5f9d2d72dc38202b8f8dc4442467bd6,1387880,FT,'2-0,Perdida,2,2026-02-01 03:46,2.1,2026-02-07 17:07,2.1,-4.76%,Regular
2026-02-01 09:48,2026-02-07 14:00,Serie B,Carrarese,Sudtirol,BTTS,BTTS No,2,57.79,57.16,1.75,7.16,3.11,,1.3,Ponderado-Mejorado,,54,80.2,f05c455330779ec8c46e636258cee18f,1419817,FT,'0-0,Ganada,2,2026-02-01 09:48,1.85,2026-02-07 13:44,1.85,8.11%,Excelente
2026-02-01 13:43,2026-02-08 20:00,Segunda División,Cadiz,Almeria,Over/Under 2.5,Over 2.5,1.91,70.86,66.98,1.49,14.62,11.42,,2.3,Ponderado-Mejorado,,72.7,85.9,0fc983ab531a54427284b0bba6cb4828,1392037,FT,'1-2,Ganada,1.91,2026-02-01 13:43,1.8,2026-02-08 13:45,1.8,6.11%,Excelente
2026-02-01 13:43,2026-02-07 18:30,Serie B,Spezia,Virtus Entella,BTTS,BTTS No,1.8,66.01,65.17,1.53,9.61,8.03,,2.4,Ponderado-Mejorado,,60.2,90.8,86f251fbb8908c70db96352e15208d35,1419812,FT,'1-1,Perdida,1.8,2026-02-01 13:43,1.75,2026-02-07 17:07,1.75,2.86%,Bueno
2026-02-01 13:43,2026-02-07 12:00,2. Bundesliga,FC Schalke 04,Dynamo Dresden,Over/Under 2.5,Over 2.5,1.75,73.6,70.15,1.43,13.01,17.52,,2.5,Ponderado-Mejorado,,67.8,86.4,a7ef853909bce3e190013223c349e258,1388802,FT,'2-2,Ganada,1.75,2026-02-01 13:43,1.9,2026-02-07 03:22,1.95,-10.26%,Malo
2026-02-01 13:43,2026-02-07 15:00,Jupiler Pro League,Zulte Waregem,Dender,Over/Under 2.5,Over 2.5,1.85,72.76,68.84,1.45,14.79,14.79,,2.5,Ponderado-Mejorado,,73.1,86.1,06d6077d82cc1315118a7a01c5fc089b,1382611,FT,'1-0,Perdida,1.85,2026-02-01 13:43,1.85,2026-02-07 13:44,1.8,2.78%,Bueno
2026-02-01 13:43,2026-02-07 19:45,Jupiler Pro League,Gent,OH Leuven,Over/Under 2.5,Over 2.5,1.85,74.37,70.11,1.43,16.06,14.55,,2.7,Ponderado-Mejorado,,76.7,60.9,231b06d0bdddd0e58b8d5dd3f1977e60,1382613,FT,'1-3,Ganada,1.85,2026-02-01 13:43,1.8,2026-02-07 17:07,1.8,2.78%,Bueno
2026-02-01 14:15,2026-02-07 15:00,Premier League,Burnley,West Ham,Over/Under 2.5,Over 2.5,1.91,67.38,63.82,1.57,11.47,6.68,,1.8,Ponderado-Mejorado,,67,71.1,b71247ba9e565f766ffae89d7c37ff2f,1379212,FT,'0-2,Perdida,1.91,2026-02-01 14:15,1.75,2026-02-07 13:44,1.75,9.14%,Excelente
2026-02-01 14:15,2026-02-08 17:30,La Liga,Sevilla,Girona,Over/Under 2.5,Over 2.5,1.91,78.42,72.26,1.38,19.9,22.26,,3.1,Ponderado-Mejorado,,77,89.6,abf5b706bd58ca42fa8332d17eaa4000,1391046,FT,'1-1,Perdida,1.91,2026-02-01 14:15,2,2026-02-08 13:45,2,-4.50%,Regular
2026-02-01 14:52,2026-02-07 14:00,Serie B,Mantova,Bari,Over/Under 2.5,Over 2.5,2.1,63.74,59.43,1.68,11.81,9.43,,1.5,Ponderado-Mejorado,,68,88.6,3020b742bfd82a2f1cdef0ba68d7777b,1419820,FT,'2-1,Ganada,2.1,2026-02-01 14:52,2,2026-02-07 13:44,1.95,7.69%,Excelente
2026-02-01 19:40,2026-02-07 12:31,Championship,Derby,Ipswich,Over/Under 2.5,Over 2.5,2.2,70.97,63.76,1.57,18.31,14.98,,2.2,Ponderado-Mejorado,,62.6,79.9,797ac25976771b7106b1d922a44cfb0b,1386915,FT,'1-2,Ganada,2.2,2026-02-01 19:40,2.05,2026-02-07 03:22,1.95,12.82%,Excelente
2026-02-01 20:25,2026-02-07 14:00,Serie B,Catanzaro,Reggiana,Over/Under 2.5,Over 2.5,1.95,67.7,63.29,1.58,12,14.51,,1.8,Ponderado-Mejorado,,63.5,85.5,afd60115c04218768c0bd9a4cb7d32e9,1419814,FT,'2-0,Perdida,1.95,2026-02-01 20:25,2.05,2026-02-07 13:44,2,-2.50%,Regular
2026-02-01 20:25,2026-02-07 20:30,Primeira Liga,Arouca,Guimaraes,Over/Under 2.5,Over 2.5,2.1,63.9,59.15,1.69,11.53,12.64,,1.5,Ponderado-Mejorado,,64.6,60.1,477109681ba8a1520e1b1630a1197d11,1396417,FT,'3-2,Ganada,2.1,2026-02-01 20:25,2.15,2026-02-07 17:07,2.05,2.44%,Bueno
2026-02-02 03:37,2026-02-08 13:00,Segunda División,Valladolid,Castellón,BTTS,BTTS No,2.1,59.28,57.81,1.73,10.19,10.19,,1.8,Stats-Fallback,,84.1,87.3,8dd7b44eed962545a3f31dc678d0cd4f,1392032,FT,'0-4,Ganada,2.1,2026-02-02 03:37,2.1,2026-02-08 11:25,2.1,0.00%,Neutro
2026-02-02 03:37,2026-02-08 16:15,Ligue 1,Le Havre,Strasbourg,Over/Under 2.5,Over 2.5,1.91,69.3,64.1,1.56,11.75,8.54,,1.9,Stats-Fallback,,61.7,87.2,fe66da8bef939baad453d15d30a2ac4c,1387881,FT,'2-1,Ganada,1.91,2026-02-02 03:37,1.8,2026-02-08 13:45,1.8,6.11%,Excelente
2026-02-02 03:37,2026-02-08 18:15,Jupiler Pro League,KV Mechelen,Antwerp,BTTS,BTTS No,2.1,67.18,64.71,1.55,17.09,14.71,,3.1,Stats-Fallback,,87.5,91.1,dfd41a6344fbda5aa628405e2ce46219,1382616,FT,'2-0,Ganada,2.1,2026-02-02 03:37,2,2026-02-08 13:45,1.95,7.69%,Excelente
2026-02-02 09:23,2026-02-08 14:00,Serie B,Monza,Avellino,Over/Under 2.5,Over 2.5,2,74.14,67.65,1.48,17.65,17.65,,2.5,Stats-Fallback,,62,89.6,e11cdcec1f05b160733f949e00451a16,1419818,FT,'2-1,Ganada,2,2026-02-02 09:23,2,2026-02-08 11:25,1.91,4.71%,Bueno
2026-02-02 09:23,2026-02-08 12:30,2. Bundesliga,Arminia Bielefeld,Eintracht Braunschweig,Over/Under 2.5,Over 2.5,1.85,78.57,71.6,1.4,17.55,18.97,,3,Stats-Fallback,,62,89.6,ba53ad32b38d9d25ca2340c818bff739,1388794,FT,'3-2,Ganada,1.85,2026-02-02 09:23,1.9,2026-02-08 11:25,1.8,2.78%,Bueno
2026-02-02 12:33,2026-02-08 16:15,Ligue 1,Auxerre,Paris FC,Over/Under 2.5,Over 2.5,2.1,64.49,59.31,1.69,11.69,11.69,,1.9,Stats-Fallback,,66,85.9,a8dca8be363772f7ff8f079855c2fb03,1387879,FT,'0-0,Perdida,2.1,2026-02-02 12:33,2.1,2026-02-08 13:45,2.1,0.00%,Neutro
2026-02-02 14:26,2026-02-06 17:30,2. Bundesliga,Preußen Münster,VfL Bochum,Over/Under 2.5,Over 2.5,1.75,72.36,68.88,1.45,11.73,14.83,,2.8,Stats-Fallback,,69,79.7,7aef152bc716e06a831f584b2f00a65e,1388801,FT,'1-1,Perdida,1.75,2026-02-02 14:26,1.85,2026-02-06 16:59,1.85,-5.41%,Malo
2026-02-03 03:31,2026-02-04 19:45,Premiership,Hibernian,Dundee Utd,Over/Under 2.5,Over 2.5,1.8,71.06,67.51,1.48,11.95,11.95,,3,Dixon-Coles-90,,77.8,73.1,d86e99741efc8969130b4036e450bf81,1382812,FT,'3-2,Ganada,1.8,2026-02-03 03:31,1.8,2026-02-04 14:03,1.8,0.00%,Neutro
2026-02-03 03:31,2026-02-06 19:45,Ligue 1,Metz,Lille,Over/Under 2.5,Over 2.5,1.75,76.16,71.34,1.4,14.19,11.46,,3.7,Dixon-Coles-90,,76.7,90.4,94a276c34b2b613d931f1e54c3335ebc,1387883,FT,'0-0,Perdida,1.75,2026-02-03 03:31,1.67,2026-02-06 16:59,1.67,4.79%,Bueno
2026-02-03 12:21,2026-02-07 18:00,Primeira Liga,Estoril,Tondela,Over/Under 2.5,Over 2.5,1.8,69.97,66.61,1.5,11.06,9.47,,2.7,Dixon-Coles-90,,76.4,58.3,4a44e650ab1f5b829c4b35044fc51206,1396420,FT,'2-2,Ganada,1.8,2026-02-03 12:21,1.75,2026-02-07 17:07,1.75,2.86%,Bueno
2026-02-06 03:29,2026-02-06 19:00,Ligue 2,RED Star FC 93,PAU,Over/Under 2.5,Over 2.5,2.05,77.53,66.67,1.5,17.89,14.04,,2.8,Stats-Fallback,,86.2,78.4,c63153693aaf8edc5cf7335d31db56c1,1396831,FT,'0-3,Ganada,2.05,2026-02-06 03:29,1.9,2026-02-06 16:59,1.9,7.89%,Excelente
2026-02-06 03:29,2026-02-11 19:30,Premier League,Crystal Palace,Burnley,Over/Under 2.5,Over 2.5,1.91,73.66,66.67,1.5,14.31,13.19,,2.6,Stats-Fallback,,88.4,92,212b618277060ddc633204543f542fbc,1379222,FT,'2-3,Ganada,1.91,2026-02-06 03:29,1.87,2026-02-11 14:07,1.75,9.14%,Excelente
2026-02-07 03:22,2026-02-08 15:15,Segunda División,Deportivo La Coruna,Albacete,Over/Under 2.5,Over 2.5,1.9,74.3,66.67,1.5,14.04,15.39,26.67,4.9,Stats-Fallback,,81.4,89.6,405d72733c0acd3e4102c23e2394493d,1392036,FT,'2-1,Ganada,1.9,2026-02-07 03:22,1.95,2026-02-08 13:45,1.85,2.70%,Bueno
2026-02-07 03:22,2026-02-10 19:00,Serie B,Venezia,Modena,BTTS,BTTS No,2.1,56.91,55.82,1.79,8.2,5.28,17.23,2.6,Stats-Fallback,,80.3,82.9,6dc50e7ff7da00ad26ec7bac447c6ab5,1419824,FT,'0-2,Ganada,2.1,2026-02-07 03:22,1.9,2026-02-10 14:15,1.91,9.95%,Excelente
2026-02-09 03:40,2026-02-11 19:45,Premiership,Kilmarnock,ST Mirren,Over/Under 2.5,Over 2.5,2.1,64.48,56.67,1.76,9.05,9.05,19,3.4,Stats-Fallback,,82.9,86.4,9a8a2237afa21dd8e1ea8c1f6c66660c,1382820,FT,'4-3,Ganada,2.1,2026-02-09 03:40,2.1,2026-02-11 14:07,2,5.00%,Excelente
2026-02-09 08:38,2026-02-11 19:30,Premier League,Nottingham Forest,Wolves,BTTS,BTTS No,1.9,64.45,62.24,1.61,9.61,10.96,18.26,4,Dixon-Coles-90,,94.8,94.5,395d9ddcd9ec11245443c8e49f523001,1379225,FT,'0-0,Ganada,1.9,2026-02-09 08:38,1.95,2026-02-11 14:07,2,-5.00%,Malo
2026-02-09 10:24,2026-02-14 17:00,Serie A,Lazio,Atalanta,Over/Under 2.5,Over 2.5,2.1,62.62,56.67,1.76,9.05,7.89,19,3.4,Stats-Fallback,,86.4,89.9,2b60b53bfa722098c9074674f852bcc9,1378108,FT,'0-2,Perdida,2.1,2026-02-09 10:24,2.05,2026-02-14 13:36,2,5.00%,Excelente
2026-02-09 10:24,2026-02-14 14:30,Bundesliga,Hamburger SV,Union Berlin,Over/Under 2.5,Over 2.5,2.1,71.52,56.67,1.76,9.05,9.94,19,3.4,Stats-Fallback,,86.4,85.8,9177c38afef82f21065eb46f9a279dd8,1388501,FT,'3-2,Ganada,2.1,2026-02-09 10:24,2.15,2026-02-14 13:36,2.25,-6.67%,Malo
2026-02-09 10:24,2026-02-15 14:00,Serie A,Cremonese,Genoa,Over/Under 2.5,Over 2.5,2.4,68.44,56.67,1.76,15,17.45,36,5,Stats-Fallback,,85.1,92,9842dddcbb60f785bdda9e2382195197,1378106,FT,'0-0,Perdida,2.4,2026-02-09 10:24,2.55,2026-02-15 13:37,2.55,-5.88%,Malo
2026-02-09 10:24,2026-02-15 17:00,Serie A,Torino,Bologna,Over/Under 2.5,Over 2.5,2,85.39,57.14,1.75,7.14,8.36,14.29,2.8,Stats-Fallback,,82.7,90.7,5467dae3655bf77c12c6c176897f255e,1378112,FT,'1-2,Ganada,2,2026-02-09 10:24,2.05,2026-02-15 13:37,1.95,2.56%,Bueno
2026-02-09 10:24,2026-02-15 11:30,Serie A,Udinese,Sassuolo,Over/Under 2.5,Over 2.5,2.25,64.17,56.67,1.76,12.22,10.1,27.5,4.4,Stats-Fallback,,83.3,87.2,da6adbf275c60a67b342247f01d8085d,1378113,FT,'1-2,Ganada,2.25,2026-02-09 10:24,2.2,2026-02-15 07:34,2.2,2.27%,Bueno
2026-02-09 10:24,2026-02-15 16:15,Ligue 1,Lorient,Angers,Over/Under 2.5,Over 2.5,2.25,67.97,56.67,1.76,12.22,12.08,27.5,4.4,Stats-Fallback,,83.3,85.2,596fe361b8c2a045d28d9a6fcf25d9e5,1387889,FT,'2-0,Perdida,2.25,2026-02-09 10:24,2.3,2026-02-15 13:37,2.25,0.00%,Neutro
2026-02-09 14:16,2026-02-15 13:00,La Liga,Oviedo,Athletic Club,BTTS,BTTS No,1.73,66.54,65.07,1.54,7.27,9.09,12.57,3.4,Stats-Fallback,,79.8,81.4,48c6bab529069370408c83e5e0b689f8,1391057,FT,'1-2,Perdida,1.73,2026-02-09 14:16,1.8,2026-02-15 07:34,1.75,-1.14%,Neutro
2026-02-10 11:51,2026-02-11 20:00,Premiership,Motherwell,Rangers,BTTS,BTTS No,2.1,58.86,57.39,1.74,9.77,9.77,20.52,3.7,Dixon-Coles-90,,95,95,79dffc3da95bf35563337ab46e4c09f0,1382821,FT,'1-1,Perdida,2.1,2026-02-10 11:51,2.1,2026-02-11 14:07,2.15,-2.33%,Regular
2026-02-10 21:58,2026-02-11 19:30,Super League,FC Lugano,Servette FC,Over/Under 2.5,Over 2.5,1.73,93.61,66.32,1.51,8.51,8.52,14.73,4,Stats-Fallback,,81.9,85.3,d9b59fe9b302869113ddc264bfe8a31d,1494537,FT,'1-1,Perdida,1.73,2026-02-10 21:58,1.73,2026-02-11 14:07,1.73,0.00%,Neutro
2026-02-10 21:58,2026-02-14 18:00,Ligue 1,Lille,Stade Brestois 29,Over/Under 2.5,Over 2.5,1.85,89.54,64.65,1.55,10.59,11.17,19.6,4.6,Stats-Fallback,,89.4,95,13484812a755be8f0770c2a1ee91b78a,1387888,FT,'1-1,Perdida,1.85,2026-02-10 21:58,1.87,2026-02-14 13:36,1.85,0.00%,Neutro
2026-02-11 03:45,2026-02-17 19:45,Championship,Charlton,Portsmouth,Over/Under 2.5,Over 2.5,2.25,62.14,56.67,1.76,12.22,11.91,27.5,4.4,Stats-Fallback,,79.8,83.7,6551f9cc0c49a3b897e727019ebf9f40,1386768,FT,'1-3,Ganada,2.25,2026-02-11 03:45,2.3,2026-02-17 13:58,2.63,-14.45%,Malo
2026-02-11 14:07,2026-02-15 19:45,Serie A,Napoli,AS Roma,BTTS,BTTS No,1.73,66.35,64.84,1.54,7.03,2.34,12.17,3.3,Dixon-Coles-90,,87.1,73,06251e4d35e293560705f650aeb12785,1378109,FT,'2-2,Perdida,1.73,2026-02-11 14:07,1.6,2026-02-15 19:19,1.6,8.12%,Excelente
2026-02-11 14:07,2026-02-15 20:30,Primeira Liga,Sporting CP,Famalicao,BTTS,BTTS No,1.8,65.97,64.52,1.55,8.96,6.72,16.13,4,Dixon-Coles-90,,94.2,84.2,76f31c773812cc8631448fcc1c6e1fab,1396432,FT,'1-0,Ganada,1.8,2026-02-11 14:07,1.73,2026-02-15 19:19,1.73,4.05%,Bueno
2026-02-11 19:51,2026-02-14 15:00,Championship,QPR,Blackburn,Over/Under 2.5,Over 2.5,2.2,72.98,56.67,1.76,11.21,12.97,24.67,4.1,Stats-Fallback,,87.1,82.3,daadbdd4520eeb3b6cb51cf983c46f89,1386931,FT,'1-3,Ganada,2.2,2026-02-11 19:51,2.3,2026-02-14 13:36,2.3,-4.35%,Regular
2026-02-11 19:51,2026-02-14 15:30,Eredivisie,Heracles,NAC Breda,Over/Under 2.5,Over 2.5,1.8,92.42,65.62,1.52,10.06,12.28,18.11,4.5,Stats-Fallback,,88.3,88,ae809d24eb2a6e8950a6a2b9930082be,1381071,FT,'0-1,Perdida,1.8,2026-02-11 19:51,1.9,2026-02-14 13:36,1.85,-2.70%,Regular
2026-02-12 03:40,2026-02-14 13:00,Ligue 2,Montpellier,Le Mans,Over/Under 2.5,Over 2.5,2.2,79.56,57.14,1.75,11.69,11.69,25.71,4.2,Stats-Fallback,,89.1,92.6,4e773d9cbcd459e9db26f8fc0e45963b,1389321,FT,'4-2,Ganada,2.2,2026-02-12 03:40,2.2,2026-02-14 07:30,2.25,-2.22%,Regular
2026-02-12 03:40,2026-02-14 13:00,Ligue 2,Grenoble,Reims,Over/Under 2.5,Over 2.5,2.1,65.87,56.67,1.76,9.05,8.83,19,3.4,Stats-Fallback,,87.5,90.5,8d5ef219f388907254535bb3ebf96c34,1396833,FT,'0-0,Perdida,2.1,2026-02-12 03:40,2.1,2026-02-14 07:30,2,5.00%,Excelente
2026-02-12 03:40,2026-02-14 15:30,Primeira Liga,Casa Pia,Arouca,Over/Under 2.5,Over 2.5,2.2,87.02,57.14,1.75,11.69,11.69,25.71,4.2,Stats-Fallback,,89.1,89.1,63e98bfbc70f3b85f9a4d9ba2c42f34c,1396427,FT,'3-2,Ganada,2.2,2026-02-12 03:40,2.2,2026-02-14 13:36,2.2,0.00%,Neutro
2026-02-12 03:40,2026-02-14 20:30,Primeira Liga,GIL Vicente,SC Braga,Over/Under 2.5,Over 2.5,2.2,66.93,56.67,1.76,11.21,12.97,24.67,4.1,Stats-Fallback,,88.2,82.3,c9762e456aba0ba2f04fbd41ed49425b,1396428,FT,'2-1,Ganada,2.2,2026-02-12 03:40,2.3,2026-02-14 19:17,2.25,-2.22%,Regular
2026-02-12 03:40,2026-02-14 18:00,Primeira Liga,Guimaraes,Estrela,Over/Under 2.5,Over 2.5,2.1,81.95,57.14,1.75,9.52,11.69,20,3.6,Stats-Fallback,,88.4,95,3dce91152104e1bfaf4b0ee49b5209a9,1396434,FT,'2-1,Ganada,2.1,2026-02-12 03:40,2.2,2026-02-14 13:36,2.15,-2.33%,Regular
2026-02-12 03:40,2026-02-14 15:00,Jupiler Pro League,OH Leuven,Dender,Over/Under 2.5,Over 2.5,2.1,61.39,56.67,1.76,9.05,8.83,19,3.4,Stats-Fallback,,87.5,87.1,a73349b56384a86948a04bf041b441e9,1382625,FT,'3-2,Ganada,2.1,2026-02-12 03:40,2.1,2026-02-14 13:36,2.1,0.00%,Neutro
2026-02-12 17:03,2026-02-13 19:45,Serie A,Pisa,AC Milan,BTTS,BTTS No,1.75,65.04,63.64,1.57,6.5,7.13,11.38,3,Dixon-Coles-90,,85.6,83.4,36177bc468613c50c82af9e916bb2a7f,1378111,FT,'1-2,Perdida,1.75,2026-02-12 17:03,1.83,2026-02-13 13:53,1.6,9.38%,Excelente
2026-02-13 13:53,2026-02-14 16:15,Serie B,Catanzaro,Mantova,BTTS,BTTS No,2.2,52.25,51.49,1.94,6.04,4.98,13.28,2.2,Stats-Fallback,,77.7,70.4,dbe5893ca22d40698c717797d6acc63a,1419832,FT,'2-0,Ganada,2.2,2026-02-13 13:53,2.15,2026-02-14 13:36,2.1,4.76%,Bueno
2026-02-13 13:53,2026-02-15 15:30,Super League,Lausanne,Servette FC,Over/Under 2.5,Over 2.5,1.73,93.74,65.84,1.52,8.04,10.14,13.91,3.8,Stats-Fallback,,82.1,90.7,92ae56df904ec213d372d38b6abba379,1494547,FT,'3-3,Ganada,1.73,2026-02-13 13:53,1.8,2026-02-15 13:37,1.75,-1.14%,Neutro
2026-02-13 19:36,2026-02-15 14:00,Serie B,Bari,Sudtirol,BTTS,BTTS No,1.8,64.73,63.7,1.57,8.14,6.56,14.66,3.6,Dixon-Coles-90,,92.1,82.9,836be92d77a351939dcbf886d37617f5,1419838,FT,'1-2,Perdida,1.8,2026-02-13 19:36,1.75,2026-02-15 13:37,1.75,2.86%,Bueno
2026-02-13 19:36,2026-02-15 14:00,Serie B,Spezia,Frosinone,BTTS,BTTS No,2.1,53.56,52.9,1.89,5.28,5.28,11.08,2,Dixon-Coles-90,,86.7,77.9,855c0736f190f0cffb8c0da878244119,1419840,FT,'0-2,Ganada,2.1,2026-02-13 19:36,2.1,2026-02-15 13:37,2.1,0.00%,Neutro
2026-02-13 19:36,2026-02-15 12:30,2. Bundesliga,Holstein Kiel,FC Schalke 04,BTTS,BTTS No,2,61.29,59.82,1.67,9.82,9.82,19.63,3.9,Dixon-Coles-90,,95,86,9d42d7498a9c8de8b33d45441544ee00,1388807,FT,'1-2,Perdida,2,2026-02-13 19:36,2,2026-02-15 07:34,1.87,6.95%,Excelente
2026-02-13 19:36,2026-02-15 14:30,Premiership,Motherwell,Aberdeen,BTTS,BTTS No,2,67.22,64.97,1.54,14.97,9.44,29.94,5,Dixon-Coles-90,,95,82.1,5cfd09045c7a22db535d6b6da4479b85,1382826,FT,'2-0,Ganada,2,2026-02-13 19:36,1.95,2026-02-15 13:37,1.95,2.56%,Bueno
2026-02-14 00:25,2026-02-15 20:00,La Liga,Mallorca,Real Betis,Over/Under 2.5,Over 2.5,2.05,81.68,57.14,1.75,8.36,9.52,17.14,3.2,Stats-Fallback,,86.1,85.2,908113b578cd281aecdb9dc785ce5d88,1391054,FT,'1-2,Ganada,2.05,2026-02-14 00:25,2.1,2026-02-15 19:19,2.1,-2.38%,Regular
2026-02-14 00:25,2026-02-16 20:15,Primeira Liga,Rio Ave,Moreirense,Over/Under 2.5,Over 2.5,2.2,68.52,56.45,1.77,11,10.94,24.19,4,Stats-Fallback,,87.7,84.2,08f357969493406e4abf02d6bc9730bd,1396430,FT,'1-2,Ganada,2.2,2026-02-14 00:25,2.25,2026-02-16 19:26,2.15,2.33%,Bueno
2026-02-14 03:25,2026-02-15 17:30,Jupiler Pro League,Anderlecht,RAAL La Louvière,Over/Under 2.5,Over 2.5,2.15,62.91,56.45,1.77,9.94,8.83,21.37,3.7,Stats-Fallback,,85.8,87.1,e7a8a18b415638830620411201f86608,1382624,FT,'0-0,Perdida,2.15,2026-02-14 03:25,2.1,2026-02-15 13:37,2.1,2.38%,Bueno
2026-02-14 13:36,2026-02-14 19:45,Serie A,Inter,Juventus,Over/Under 2.5,Over 2.5,2.1,71.04,56.45,1.77,8.83,6.45,18.55,3.3,Stats-Fallback,,87.1,86,773905abc32e00dcf7995cbce353f841,1378107,FT,'3-2,Ganada,2.1,2026-02-14 13:36,2,2026-02-14 19:17,2,5.00%,Excelente
2026-02-14 13:36,2026-02-15 14:00,Serie B,Monza,Juve Stabia,Over/Under 2.5,Over 2.5,2.3,81.11,57.14,1.75,13.66,12.7,31.43,4.8,Stats-Fallback,,83.7,84.2,ab5863847df60656d3f2debb19be3c62,1419831,FT,'2-1,Ganada,2.3,2026-02-14 13:36,2.25,2026-02-15 13:37,2.25,2.22%,Bueno
2026-02-14 18:23,2026-02-15 17:30,La Liga,Levante,Valencia,Over/Under 2.5,Over 2.5,2.05,78.72,57.14,1.75,8.36,10.63,17.14,2.7,Stats-Fallback,,87.3,94,629c5ab78228d40f43488973b382d82f,1391053,FT,'0-2,Perdida,2.05,2026-02-14 18:23,2.15,2026-02-15 13:37,2.1,-2.38%,Regular
2026-02-15 02:31,2026-02-15 15:30,Primeira Liga,Nacional,FC Porto,BTTS,BTTS No,1.8,65.23,63.83,1.57,8.28,6.69,14.9,3.7,Dixon-Coles-90,,86.5,84.3,378a1b22a985ddf1c5343095b52fc8a5,1396429,FT,'0-1,Ganada,1.8,2026-02-15 02:31,1.75,2026-02-15 13:37,1.75,2.86%,Bueno
2026-02-15 02:31,2026-02-16 19:45,Ligue 2,Bastia,Estac Troyes,BTTS,BTTS No,1.8,73.99,72.01,1.39,16.45,7.15,29.61,5,Dixon-Coles-90,,93.2,78.1,52bf9cbb80dd91e517afb66b73491af3,1396832,FT,'0-0,Ganada,1.8,2026-02-15 02:31,1.73,2026-02-16 19:26,1.65,9.09%,Excelente
2026-02-20 10:46,2026-02-21 13:00,La Liga,Real Sociedad,Oviedo,BTTS,BTTS No,1.73,65.02,64.37,1.55,6.57,6.57,11.36,2.8,Dixon-Coles-90,v4.0_dc_fixed,73.9,73.9,0e0e0dc8ac90ece6137af0f71daae75e,1391067,,,,1.73,2026-02-20 10:46,1.73,2026-02-20 21:59,,,
2026-02-15 03:39,2026-02-21 18:00,Ligue 1,Toulouse,Paris FC,Over/Under 2.5,Over 2.5,2.2,55.56,54.5,1.83,11.69,9.05,25.71,4.2,Stats-Fallback,v4.0_dc_fixed,78.1,75.1,fccdf283daca7fbc057af4f4124d10ed,1387904,,,,2.2,2026-02-15 03:39,2.20,2026-02-20 21:59,,,
2026-02-15 13:37,2026-02-15 15:15,Segunda División,Huesca,AD Ceuta FC,Over/Under 2.5,Over 2.5,2.25,79.98,57.14,1.75,12.7,12.7,28.57,4.5,Stats-Fallback,,84.2,84.2,d064eda05735a8bfb6d82d0dfe807d29,1392043,FT,'2-0,Perdida,2.25,2026-02-15 13:37,2.25,2026-02-15 13:37,2.25,0.00%,Neutro
2026-02-20 10:46,2026-02-20 19:30,Bundesliga,FSV Mainz 05,Hamburger SV,Over/Under 2.5,Under 2.5,1.90,61.02,60.18,1.66,7.55,7.55,14.35,3.2,Dixon-Coles-90,v4.0_dc_fixed,78.6,75.6,3556dcc3bf1be7b3f42482fcebd7de41,1388510,FT,'1-1,Ganada,1.90,2026-02-20 10:46,1.90,2026-02-20 13:51,2.00,-5.00%,Malo
2026-02-20 10:46,2026-02-20 17:30,2. Bundesliga,SpVgg Greuther Fürth,Arminia Bielefeld,Over/Under 2.5,Over 2.5,1.80,67.88,66.77,1.5,11.22,11.21,20.19,5.0,Dixon-Coles-90,v4.0_dc_fixed,84.7,84.7,c6a5ebe134a55127d19b213a02d60f67,1388815,FT,'2-1,Ganada,1.80,2026-02-20 10:46,1.80,2026-02-20 13:51,1.65,+9.09%,Excelente
2026-02-20 10:46,2026-02-20 19:00,Ligue 2,Dunkerque,Bastia,BTTS,BTTS No,1.80,63.85,63.4,1.58,7.84,7.84,14.11,3.5,Dixon-Coles-90,v4.0_dc_fixed,79.1,76.1,9da065d856ff16d1a961705d3cad3a34,1389326,FT,'1-1,Perdida,1.80,2026-02-20 10:46,1.80,2026-02-20 13:51,1.65,+9.09%,Excelente
2026-02-20 10:46,2026-02-20 19:00,Ligue 2,Rodez,Montpellier,Over/Under 2.5,Under 2.5,1.87,62.8,62.29,1.61,8.81,8.81,16.48,3.8,Dixon-Coles-90,v4.0_dc_fixed,80.7,77.7,3f390cc580adb21efac1e7ed64aabc1e,1389329,FT,'1-0,Ganada,1.87,2026-02-20 10:46,1.87,2026-02-20 13:51,1.85,+1.08%,Neutro
2026-02-20 10:46,2026-02-21 20:00,Segunda División,Las Palmas,Castellón,Over/Under 2.5,Under 2.5,1.75,65.06,64.55,1.55,7.41,6.61,12.96,3.4,Dixon-Coles-90,v4.0_dc_fixed,75.3,74.0,d13e98547d4933a230731288b5e76762,1392052,,,,1.75,2026-02-20 10:46,1.73,2026-02-20 21:59,,,
2026-02-20 10:46,2026-02-21 14:00,Serie B,Palermo,Sudtirol,BTTS,BTTS No,1.80,65.53,64.93,1.54,9.38,9.37,16.88,4.2,Dixon-Coles-90,v4.0_dc_fixed,81.6,81.6,dfc2cd9b3b0d581d5d541292ea011b4b,1419847,,,,1.80,2026-02-20 10:46,1.80,2026-02-20 21:59,,,
2026-02-20 10:46,2026-02-21 16:15,Serie B,Cesena,Spezia,BTTS,BTTS No,1.87,60.05,59.66,1.68,6.18,6.18,11.55,2.6,Dixon-Coles-90,v4.0_dc_fixed,76.3,76.3,564dc0def5a0fd7346c4187dbd5efae4,1419850,,,,1.87,2026-02-20 10:46,1.87,2026-02-20 21:59,,,
2026-02-20 10:46,2026-02-21 15:00,Premiership,Heart Of Midlothian,Falkirk,BTTS,BTTS No,1.90,61.46,60.85,1.64,8.21,8.22,15.61,3.4,Dixon-Coles-90,v4.0_dc_fixed,79.7,79.7,ffbaa5da57ca2a282a269e5fe8de043e,1382831,,,,1.90,2026-02-20 10:46,1.90,2026-02-20 21:59,,,
2026-02-20 21:59,2026-02-21 19:30,Premiership,ST Mirren,Motherwell,Over/Under 2.5,Under 2.5,1.80,76.49,75.02,1.33,19.47,19.47,35.04,5.0,Dixon-Coles-90,v4.0_dc_fixed,86.0,86.0,74df0b2d1e550481c768ead886622898,1382833,,,,1.80,2026-02-20 21:59,1.80,2026-02-20 21:59,,,
2026-02-20 10:46,2026-02-22 14:00,Premier League,Crystal Palace,Wolves,BTTS,BTTS No,1.90,61.67,60.77,1.65,8.14,8.14,15.46,3.4,Dixon-Coles-90,v4.0_dc_fixed,79.6,79.6,935bc97441d76dc95ea31c822238e2fa,1379232,,,,1.90,2026-02-20 10:46,1.90,2026-02-20 21:59,,,
2026-02-20 10:46,2026-02-22 19:45,Serie A,AS Roma,Cremonese,Over/Under 2.5,Under 2.5,1.87,67.11,65.82,1.52,12.34,12.92,23.08,5.0,Dixon-Coles-90,v4.0_dc_fixed,81.6,82.5,b783c4302ba7479aa9008692faeda2d9,1378122,,,,1.87,2026-02-20 10:46,1.87,2026-02-20 21:59,,,
2026-02-20 10:46,2026-02-22 16:15,Ligue 1,Nantes,Le Havre,BTTS,BTTS No,1.91,61.68,60.89,1.64,8.53,8.53,16.3,3.5,Dixon-Coles-90,v4.0_dc_fixed,80.2,80.2,2e39b5bb6a0aee4dd3126050aa27ede2,1387900,,,,1.91,2026-02-20 10:46,1.91,2026-02-20 21:59,,,
2026-02-20 21:59,2026-02-22 11:15,Eredivisie,Twente,Groningen,Over/Under 2.5,Under 2.5,2.15,61.96,60.8,1.64,14.29,14.29,30.73,5.0,Dixon-Coles-90,v4.0_dc_fixed,81.8,81.8,2d3e429be02b5895ce608ffa104548ad,1381081,,,,2.15,2026-02-20 21:59,2.15,2026-02-20 21:59,,,
2026-02-20 10:46,2026-02-22 18:00,Primeira Liga,Estoril,GIL Vicente,Over/Under 2.5,Over 2.5,1.90,64.02,62.93,1.59,10.3,10.15,19.57,4.3,Dixon-Coles-90,v4.0_dc_fixed,83.2,82.9,640f768df632125411e3de76300ae255,1396439,,,,1.90,2026-02-20 10:46,1.90,2026-02-20 21:59,,,
2026-02-20 10:46,2026-02-22 15:00,Jupiler Pro League,RAAL La Louvière,KV Mechelen,Over/Under 2.5,Under 2.5,1.87,64.64,63.91,1.56,10.44,7.5,19.52,4.4,Dixon-Coles-90,v4.0_dc_fixed,83.4,78.5,f5bc5f048fc775d63d78ba8fce7f39b6,1382628,,,,1.87,2026-02-20 10:46,1.80,2026-02-20 21:59,,,
2026-02-20 21:59,2026-02-21 13:00,Ligue 2,Estac Troyes,PAU,Over/Under 2.5,Over 2.5,1.87,60.93,60.48,1.65,7.0,7.0,13.09,4.0,Dixon-Coles-90,v4.0_dc_fixed,77.7,77.7,0a3db7846ea2a01717f996df1eb50f51,1389322,,,,1.87,2026-02-20 21:59,1.87,2026-02-20 21:59,,,
